PRINT TEMPLATE IEN,PRINT TEMPLATE NAME,SOURCE FILE,DESTINATION FILE,DESTINATION FIELD
192,DGDISPOSTIONS,2,2.101,.01
192,DGDISPOSTIONS,2,2.101,5
477,RT WARD LIST,2,190,3
477,RT WARD LIST,2,190,7
477,RT WARD LIST,2,190,105
477,RT WARD LIST,2,190,114
477,RT WARD LIST,2,195.2,2
477,RT WARD LIST,2,195.9,7
7,XUUFAA,3.05,3.051,.01
18,XU-ZISPL-USER,3.51,3.5121,5
1393,XIP ZIP CODE LIST,5.12,5.13,1
23,XU-PKG-DEFAULT-DEFINITION,9.4,9.44,.01
23,XU-PKG-DEFAULT-DEFINITION,9.4,9.44,223
22,XUDOC ENTRY POINTS,9.8,9.801,.01
22,XUDOC ENTRY POINTS,9.8,9.801,2
40,XQ-BACKGROUND SCHEDULE,19.2,19,1
252,IB INACTIVE INS CO,36,5,1
1412,DG ISO SENSITIVE RCDS PRT1,38.1,38.11,.01
1412,DG ISO SENSITIVE RCDS PRT1,38.1,200,8
1411,DG ISO SENSITIVE RCDS PRT,38.1,200,10
1411,DG ISO SENSITIVE RCDS PRT,38.1,200,29
240,IB DIVISION DISPLAY,40.8,350.5,.01
240,IB DIVISION DISPLAY,40.8,350.5,.04
240,IB DIVISION DISPLAY,40.8,350.5,.05
240,IB DIVISION DISPLAY,40.8,350.5,.06
240,IB DIVISION DISPLAY,40.8,350.5,.07
204,DGADTRESVB,41.1,2,.131
204,DGADTRESVB,41.1,2,.364
1547,DGICD-10,45,2,.09
215,DGPT CENSUS CODING REPORT,45,45.84,3
215,DGPT CENSUS CODING REPORT,45,45.84,4
215,DGPT CENSUS CODING REPORT,45,45.84,5
205,DGTREAT,45.7,42.4,.01
205,DGTREAT,45.7,42.4,.02
205,DGTREAT,45.7,42.4,10
213,DGPT CENSUS UNRELEASED,45.84,2,.09
213,DGPT CENSUS UNRELEASED,45.84,45,.01
213,DGPT CENSUS UNRELEASED,45.84,45,2
213,DGPT CENSUS UNRELEASED,45.84,45,70
1408,DGPT FEE BASIS,45.85,2,.09
460,PSO INACTIVE DRUG LIST,50,50.1,.01
492,PSADRI,50,200,.132
493,PSADRIP,50,441,.01
493,PSADRIP,50,441,.05
492,PSADRI,50,441,.1
493,PSADRIP,50,441,5
492,PSADRI,50,441,15
469,PSOD PRINT ANSWER SHEET,50.0731,50.073,4
469,PSOD PRINT ANSWER SHEET,50.0731,50.07311,2
1500,PSS DEF MED ROUTE FOR OI,50.7,50,.01
1500,PSS DEF MED ROUTE FOR OI,50.7,50.606,.01
1500,PSS DEF MED ROUTE FOR OI,50.7,50.606,1
1506,PSO DRUG WARNINGS,52,2,.09
1506,PSO DRUG WARNINGS,52,2,.111
1506,PSO DRUG WARNINGS,52,2,.112
1506,PSO DRUG WARNINGS,52,2,.113
1506,PSO DRUG WARNINGS,52,2,.114
1506,PSO DRUG WARNINGS,52,2,.115
1506,PSO DRUG WARNINGS,52,2,.116
1506,PSO DRUG WARNINGS,52,2,.131
1506,PSO DRUG WARNINGS,52,2,.132
1506,PSO DRUG WARNINGS,52,2,.134
1506,PSO DRUG WARNINGS,52,2,.351
490,PSGW PERCENTAGE,58.1,58.12,5
494,PSAINV,58.8,58.8445,.01
1146,LA7S PRINT,60,60,.01
1146,LA7S PRINT,60,60,5.5
1146,LA7S PRINT,60,60,100
1146,LA7S PRINT,60,60.01,.01
1146,LA7S PRINT,60,60.03,.01
1146,LA7S PRINT,60,60.03,3
1146,LA7S PRINT,60,61,.09
1146,LA7S PRINT,60,62,3
1146,LA7S PRINT,60,64,.01
1146,LA7S PRINT,60,64,1
1146,LA7S PRINT,60,64,7
1146,LA7S PRINT,60,64,8
1146,LA7S PRINT,60,64.01,.01
1146,LA7S PRINT,60,64.01,1
1146,LA7S PRINT,60,64.01,2
112,LRBL DONOR TESTING SUPPLEMENT,65.5,65.66,.06
112,LRBL DONOR TESTING SUPPLEMENT,65.5,65.66,.07
112,LRBL DONOR TESTING SUPPLEMENT,65.5,200,1
1159,LR CAP ELROY,67.9,67.911,.01
604,RA DAILY LOG,70,70.02,.01
604,RA DAILY LOG,70,70.03,4
597,RA PROCEDURE BY AMIS,71,71.03,.01
1148,RA PARENT PROCEDURE LIST,71,71.05,.01
597,RA PROCEDURE BY AMIS,71,71.1,.001
596,RA ALPHA LIST OF ACTIVES,71,79.2,3
613,RA UNPRINTED REPORTS,74.4,2,.364
613,RA UNPRINTED REPORTS,74.4,74,2
1505,ORAM TEAM LIST,100.21,2,.0905
1505,ORAM TEAM LIST,100.21,2,.1
1505,ORAM TEAM LIST,100.21,2,.108
1338,HL PROTOCOL MESSAGING FIELDS,101,101,.01
1338,HL PROTOCOL MESSAGING FIELDS,101,101,770.3
1338,HL PROTOCOL MESSAGING FIELDS,101,101,770.4
1338,HL PROTOCOL MESSAGING FIELDS,101,101,770.95
1338,HL PROTOCOL MESSAGING FIELDS,101,870,2
1338,HL PROTOCOL MESSAGING FIELDS,101,870,3
1504,ORAM TEAM LIST,103,2,.01
1504,ORAM TEAM LIST,103,2,.09
1504,ORAM TEAM LIST,103,2,.114
1504,ORAM TEAM LIST,103,2,.115
1504,ORAM TEAM LIST,103,2,.116
1504,ORAM TEAM LIST,103,2,.131
1504,ORAM TEAM LIST,103,2,.132
73,FHSYP2,119.9,50.605,1
73,FHSYP2,119.9,119.985,.01
173,GMRA PRINT AUTOVERIFIED,120.8,2,.09
173,GMRA PRINT AUTOVERIFIED,120.8,2,.101
173,GMRA PRINT AUTOVERIFIED,120.8,120.81,.01
173,GMRA PRINT AUTOVERIFIED,120.8,120.81,1
188,GMRC CONSULTS LIST,123,44,1
178,GMTS TYPE INQ,142,142.01,1
178,GMTS TYPE INQ,142,142.1,3
1103,SPNLPT2,154,2,.03
1103,SPNLPT2,154,2,.09
945,SPNL REGISTRY DUMP,154,154.004,.02
945,SPNL REGISTRY DUMP,154,154.004,.03
1323,SPN PRINT DUS,154.1,2,.03
1323,SPN PRINT DUS,154.1,2,.09
793,ONCO XCONTACT LIST,160,165,.01
793,ONCO XCONTACT LIST,160,165,.111
793,ONCO XCONTACT LIST,160,165,.112
793,ONCO XCONTACT LIST,160,165,.113
793,ONCO XCONTACT LIST,160,165,.119
793,ONCO XCONTACT LIST,160,165,.131
793,ONCO XCONTACT LIST,160,165,.132
793,ONCO XCONTACT LIST,160,165,.133
793,ONCO XCONTACT LIST,160,165,.134
793,ONCO XCONTACT LIST,160,165,3
1519,ONCO DELINQUENT(LTF) LIST2,160,165.5,.01
798,ONCO FOLLOW-UP STATUS LIST,160,165.5,.042
771,ONCO PATIENT INDX-EOVA132,160,165.5,.05
1519,ONCO DELINQUENT(LTF) LIST2,160,165.5,.061
1519,ONCO DELINQUENT(LTF) LIST2,160,165.5,3
878,ONCO F/U HISTORY (NEW),160,165.5,20
776,ONCO PATIENT INDX-ACOS,160,165.5,22.3
776,ONCO PATIENT INDX-ACOS,160,165.5,28
798,ONCO FOLLOW-UP STATUS LIST,160,165.5,95
589,FBAA RX PENDING,162.1,2,.363
589,FBAA RX PENDING,162.1,161.2,1
590,FBCH PENDING REQUEST,162.2,2,.09
877,ONCO TOPOG BY SITEGRP,164,164.2,.01
852,ONCOX11,165.5,80,.01
852,ONCOX11,165.5,80,67
872,ONCO XINCIDENCE RPRT,165.5,160,.01
874,ONCOW1,165.5,160,.116
872,ONCO XINCIDENCE RPRT,165.5,160,.118
874,ONCOW1,165.5,160,.119
874,ONCOW1,165.5,160,.12
874,ONCOW1,165.5,160,.131
874,ONCOW1,165.5,160,.214
874,ONCOW1,165.5,160,1
874,ONCOW1,165.5,160,2
843,ONCOX2,165.5,160,3
827,ONCOXA1,165.5,160,4
874,ONCOW1,165.5,160,5
874,ONCOW1,165.5,160,6
874,ONCOW1,165.5,160,7
874,ONCOW1,165.5,160,8
874,ONCOW1,165.5,160,9
874,ONCOW1,165.5,160,10
828,ONCOXA2,165.5,160,12
843,ONCOX2,165.5,160,13
831,ONCO ACCREG-EOVA132,165.5,160,15
839,ONCOXA4,165.5,160,16
852,ONCOX11,165.5,160,18.9
826,ONCO XABSTRACT RECORD,165.5,160,19
816,ONCOY58,165.5,160,19.1
852,ONCOX11,165.5,160,20
852,ONCOX11,165.5,160,21
852,ONCOX11,165.5,160,22.9
852,ONCOX11,165.5,160,23
852,ONCOX11,165.5,160,24
852,ONCOX11,165.5,160,24.5
1277,ONCO PATIENT INDX-ACOS,165.5,160,29
852,ONCOX11,165.5,160,31
843,ONCOX2,165.5,160,38
843,ONCOX2,165.5,160,39
843,ONCOX2,165.5,160,40
843,ONCOX2,165.5,160,41
843,ONCOX2,165.5,160,42
844,ONCOX3,165.5,160,43
828,ONCOXA2,165.5,160,47
852,ONCOX11,165.5,160,70
872,ONCO XINCIDENCE RPRT,165.5,160,1000.1
872,ONCO XINCIDENCE RPRT,165.5,160,1001.1
872,ONCO XINCIDENCE RPRT,165.5,160,1002.1
872,ONCO XINCIDENCE RPRT,165.5,160,1003
843,ONCOX2,165.5,160.02,.01
843,ONCOX2,165.5,160.041,.01
843,ONCOX2,165.5,160.042,3
844,ONCOX3,165.5,160.044,.01
844,ONCOX3,165.5,160.044,1
817,ONCOY49,165.5,160.19,.01
879,ONCO PRIMARY EXTENT CODE AUDIT,165.5,164,.01
879,ONCO PRIMARY EXTENT CODE AUDIT,165.5,164,1
858,ONCO ICDO PATIENT LIST,165.5,164.1,.01
858,ONCO ICDO PATIENT LIST,165.5,164.1,1
1525,ONCQA3,165.5,164.43,1
1525,ONCQA3,165.5,165.51,2
851,ONCOX10,165.5,165.51,3
848,ONCOX7,165.5,165.52,.01
848,ONCOX7,165.5,165.52,1
848,ONCOX7,165.5,165.52,2
850,ONCOX9,165.5,165.572,.02
850,ONCOX9,165.5,165.572,.03
850,ONCOX9,165.5,165.572,.031
850,ONCOX9,165.5,165.572,.032
879,ONCO PRIMARY EXTENT CODE AUDIT,165.5,169.3,.01
879,ONCO PRIMARY EXTENT CODE AUDIT,165.5,169.3,1
487,RTW WARD LIST,190,2,.01
487,RTW WARD LIST,190,2,.09
479,RT HOME LOCATION,190,195.2,2
479,RT HOME LOCATION,190,195.9,7
478,RT PENDING REQUESTS,190.1,2,.09
483,RT TIME STUDY,190.1,190,7
478,RT PENDING REQUESTS,190.1,190,105
483,RT TIME STUDY,190.1,195.2,2
478,RT PENDING REQUESTS,190.1,195.9,7
482,RT MISSING,190.2,2,.09
482,RT MISSING,190.2,190,7
482,RT MISSING,190.2,190.3,5
482,RT MISSING,190.2,190.3,6
482,RT MISSING,190.2,190.3,15
482,RT MISSING,190.2,195.2,2
480,RT DAILY LOG,190.3,190,7
480,RT DAILY LOG,190.3,195.2,2
1339,XU-CLINICAL TRAINEE INQUIRY,200,5,1
27,XUSERINQ,200,19,1
1436,XUSEC ISO ACTIVE USER PRINT,200,20,1
1436,XUSEC ISO ACTIVE USER PRINT,200,20,2
1436,XUSEC ISO ACTIVE USER PRINT,200,20,3
1436,XUSEC ISO ACTIVE USER PRINT,200,20,5
27,XUSERINQ,200,101.13,1
27,XUSERINQ,200,200.010113,.01
27,XUSERINQ,200,200.03,.01
26,XQSMD BY OPTION,200,200.19,.01
1436,XUSEC ISO ACTIVE USER PRINT,200,450,15.5
574,NURS-P-STF,210,200,.111
574,NURS-P-STF,210,200,.112
574,NURS-P-STF,210,200,.113
574,NURS-P-STF,210,200,.114
574,NURS-P-STF,210,200,.116
430,RCAM COMMENT,341,340,110
442,PRCA FMS STATUS,347,430,3
442,PRCA FMS STATUS,347,430,9
444,PRCA FMS UNPROCESSED LIST,347,433,.03
443,PRCA FMS TRANS STAT,347,433,12
443,PRCA FMS TRANS STAT,347,433,15
1072,RCCPC INQUIRE STATEMENT,349.2,349.21,.01
235,IB INCOMPLETE,350,2,.09
235,IB INCOMPLETE,350,350.1,.05
236,IB CPT UPDATE ERROR,350.41,350.1,.02
237,IB CPT PG DISPLAY,350.7,350.71,.01
237,IB CPT PG DISPLAY,350.7,350.71,.02
238,IB CPT CP DISPLAY,350.71,350.71,.01
238,IB CPT CP DISPLAY,350.71,350.71,.02
238,IB CPT CP DISPLAY,350.71,350.71,.08
242,IB BILLING CLOCK HEADER,351,2,.03
242,IB BILLING CLOCK HEADER,351,2,.09
243,IB BILLING CLOCK INQ,351,2,.361
242,IB BILLING CLOCK HEADER,351,2,391
1212,IBJD DM V/P EXTRACTS,351.71,351.711,.02
250,IB PATIENT ADDRESSES,354,2,.111
250,IB PATIENT ADDRESSES,354,2,.1112
250,IB PATIENT ADDRESSES,354,2,.112
250,IB PATIENT ADDRESSES,354,2,.113
250,IB PATIENT ADDRESSES,354,2,.114
250,IB PATIENT ADDRESSES,354,2,.115
249,IB BILLING PAT W/INCOME,354,2,.131
249,IB BILLING PAT W/INCOME,354,2,.361
249,IB BILLING PAT W/INCOME,354,2,.363
249,IB BILLING PAT W/INCOME,354,408.21,.01
249,IB BILLING PAT W/INCOME,354,408.21,102
1423,IBT QUICK REV CODING STAT,356,2,.09
254,IBT LIST VISITS,356,2,.1
254,IBT LIST VISITS,356,2,.363
254,IBT LIST VISITS,356,356.6,.02
1423,IBT QUICK REV CODING STAT,356,409.68,.04
1141,IBD NO APPOINTMENT LIST,357.96,2,.363
1099,IBD LIST ERRORS,359.3,2,.363
255,IB AB COMMENTS,362.1,2,.0905
255,IB AB COMMENTS,362.1,356,.02
255,IB AB COMMENTS,362.1,356,.06
255,IB AB COMMENTS,362.1,356,.18
255,IB AB COMMENTS,362.1,399,.01
255,IB AB COMMENTS,362.1,399,.06
255,IB AB COMMENTS,362.1,399,.13
255,IB AB COMMENTS,362.1,399,151
255,IB AB COMMENTS,362.1,399,152
1299,IBCEM MESSAGE LIST,364.2,364,.01
1299,IBCEM MESSAGE LIST,364.2,364,.03
1300,IBCE RULE DISPLAY,364.4,364.41,.01
1300,IBCE RULE DISPLAY,364.4,364.42,.01
1300,IBCE RULE DISPLAY,364.4,364.43,.01
1232,IBCE LOCAL DATA ELEMENTS,364.6,364.7,.01
1232,IBCE LOCAL DATA ELEMENTS,364.6,364.7,.03
1232,IBCE LOCAL DATA ELEMENTS,364.6,364.7,.05
1232,IBCE LOCAL DATA ELEMENTS,364.6,364.7,.06
1232,IBCE LOCAL DATA ELEMENTS,364.6,364.7,1
1232,IBCE LOCAL DATA ELEMENTS,364.6,364.7,3
1551,IB SSVI PIVOT,366,355.33,60.12
1551,IB SSVI PIVOT,366,355.33,90.03
227,DGBT CLAIM STATS,392,2,.363
497,VAQ CUR. TRANSACTIONS REPORT,394.61,394.85,1
496,VAQ WORK-LOAD REPORT,394.87,394.88,.02
529,DVBA 21 DAY CERT,396,2,.09
526,DVBA C REQUESTS BY DATE RANGE,396.3,2,.09
527,DVBA C REQUESTS BY PHYSICIAN,396.4,2,.09
527,DVBA C REQUESTS BY PHYSICIAN,396.4,396.3,.01
527,DVBA C REQUESTS BY PHYSICIAN,396.4,396.3,2
241,IB CLK PROD,399,2,.01
241,IB CLK PROD,399,2,.363
1456,SCMC TOBE INACTIVATED,404.43,2,.01
1456,SCMC TOBE INACTIVATED,404.43,2,.09
1454,SCMC PENDING UNASSIGN PAT,404.43,27.11,.01
1451,SCMC INACTIVATED,404.43,404.42,.01
1454,SCMC PENDING UNASSIGN PAT,404.43,404.51,.01
1456,SCMC TOBE INACTIVATED,404.43,404.51,.07
1456,SCMC TOBE INACTIVATED,404.43,404.57,.01
1456,SCMC TOBE INACTIVATED,404.43,404.57,.02
1454,SCMC PENDING UNASSIGN PAT,404.43,404.57,304
1451,SCMC INACTIVATED,404.43,404.57,305
1451,SCMC INACTIVATED,404.43,404.57,306
1453,SC INACTIVATED,404.52,200,8932.1
1453,SC INACTIVATED,404.52,404.51,201
1527,SCMC FTEE 1 CLN,404.52,404.57,.01
1527,SCMC FTEE 1 CLN,404.52,404.57,.02
1453,SC INACTIVATED,404.52,404.57,.03
1526,SCMC FTEE AND PANEL SIZE,404.52,404.57,5
1453,SC INACTIVATED,404.52,404.57,402
1527,SCMC FTEE 1 CLN,404.52,404.575,.01
1228,SCCV REQUEST LOG PRINT,404.98,404.9825,.01
1228,SCCV REQUEST LOG PRINT,404.98,404.9825,.04
1228,SCCV REQUEST LOG PRINT,404.98,404.9825,.05
1228,SCCV REQUEST LOG PRINT,404.98,404.9825,.06
1229,SCCV EVENT LOG PRINT,404.98,404.9875,.01
521,DVBA ADMISSION REVIEW,405,2,.01
521,DVBA ADMISSION REVIEW,405,2,.09
521,DVBA ADMISSION REVIEW,405,2,.293
521,DVBA ADMISSION REVIEW,405,2,.301
521,DVBA ADMISSION REVIEW,405,2,.314
521,DVBA ADMISSION REVIEW,405,2,.361
521,DVBA ADMISSION REVIEW,405,2,.3611
521,DVBA ADMISSION REVIEW,405,2,.3612
521,DVBA ADMISSION REVIEW,405,2,.36205
521,DVBA ADMISSION REVIEW,405,2,.36235
219,DGPM INPATIENT PRINT,405,2,.363
1446,SDWLWTR,409.3,2,.09
1444,SDWL30DAY,409.3,409.31,.01
1444,SDWL30DAY,409.3,409.32,.01
1356,SD-PAIT REJECTED APPT,409.6,404.472,.04
1144,SCENI ERROR LIST,409.75,409.73,.03
1144,SCENI ERROR LIST,409.75,409.73,20.01
1144,SCENI ERROR LIST,409.75,409.73,20.02
1144,SCENI ERROR LIST,409.75,409.73,20.03
1144,SCENI ERROR LIST,409.75,409.73,20.04
1143,SCENI PAT ALPHA PRINT,409.75,409.76,.01
1143,SCENI PAT ALPHA PRINT,409.75,409.76,.02
757,SCDX TRANSMITTED ERROR LIST,409.75,409.76,11
1126,SCDX XMIT HIST FULL PRINT,409.77,40.8,1
1476,PRCHLO410_HDR_VALIDATE,410,5,1
1476,PRCHLO410_HDR_VALIDATE,410,200,29
313,PRCSMDS,410,410.02,.01
1190,PRCS CP ITEMHIST,410,410.02,2
1190,PRCS CP ITEMHIST,410,410.02,7
308,PRCSCSCP,410,410.04,.01
313,PRCSMDS,410,410.6,1
313,PRCSMDS,410,410.6,2
313,PRCSMDS,410,410.6,3
313,PRCSMDS,410,410.6,4
313,PRCSMDS,410,410.6,5
313,PRCSMDS,410,410.6,6
1476,PRCHLO410_HDR_VALIDATE,410,410.9,.02
1476,PRCHLO410_HDR_VALIDATE,410,440,18.3
1476,PRCHLO410_HDR_VALIDATE,410,440,34
1476,PRCHLO410_HDR_VALIDATE,410,440,35
1478,PRCHLO410-04_VALIDATE,410,442,.1
1047,PRCNCONT,413,49,1
1048,PRCNTIST,413.1,49,1
1048,PRCNTIST,413.1,6914,3
355,PRCB MANAGER/USER LIST,420,49,1
355,PRCB MANAGER/USER LIST,420,420.01,.5
309,PRCB FCP SUB-ACCOUNTS,420,420.01,14
1359,PRCB CTRLPT,420,420.01,27
309,PRCB FCP SUB-ACCOUNTS,420,420.03,.01
309,PRCB FCP SUB-ACCOUNTS,420,420.1,1
340,PRCB CC LISTING W/SUBACCT,420.1,420.11,.01
367,PRCD PRINT,420.18,420.14,2
367,PRCD PRINT,420.18,420.14,3
347,PRCFOOR4X,420.96,420.8,2
348,PRCFOOR4,420.96,442,.1
347,PRCFOOR4X,420.96,442,1
347,PRCFOOR4X,420.96,442,2
347,PRCFOOR4X,420.96,442,7
347,PRCFOOR4X,420.96,442,8
332,PRCB TEMP REVIEW,421.1,421.14,.01
332,PRCB TEMP REVIEW,421.1,421.14,5
1515,PRCHLO421-5_CERTIFYING_SVC_VAL,421.5,200,29
1515,PRCHLO421-5_CERTIFYING_SVC_VAL,421.5,421.51,2
1514,PRCHLO421-5_FMS_LINE_VALIDATE,421.5,421.541,.01
1514,PRCHLO421-5_FMS_LINE_VALIDATE,421.5,421.541,1
1514,PRCHLO421-5_FMS_LINE_VALIDATE,421.5,421.541,2
1512,PRCHLO421-5_HDR_VALIDATE,421.5,440,18.3
1512,PRCHLO421-5_HDR_VALIDATE,421.5,440,34
1512,PRCHLO421-5_HDR_VALIDATE,421.5,440,35
1512,PRCHLO421-5_HDR_VALIDATE,421.5,442,.02
1512,PRCHLO421-5_HDR_VALIDATE,421.5,442,31
356,PRCS1358 OPEN DAILY RECORDS,424,3.2,.01
356,PRCS1358 OPEN DAILY RECORDS,424,95,.01
1475,PRCHLO424_VALIDATE,424,200,29
1475,PRCHLO424_VALIDATE,424,442,.01
1475,PRCHLO424_VALIDATE,424,442,.1
1477,PRCHLO424-1_VALIDATE,424.1,200,29
1477,PRCHLO424-1_VALIDATE,424.1,424,.02
344,PRCE DAILY RECORD EDIT,424.1,424,.05
344,PRCE DAILY RECORD EDIT,424.1,424,.1
1477,PRCHLO424-1_VALIDATE,424.1,442,.01
1477,PRCHLO424-1_VALIDATE,424.1,442,.1
344,PRCE DAILY RECORD EDIT,424.1,442,96
1195,RCDMC REFERRED DEBTS,430,2,.364
395,PRCA DISP AUDIT,430,49,1
436,PRCA DISP AUDIT2,430,340,.01
436,PRCA DISP AUDIT2,430,340,.05
1195,RCDMC REFERRED DEBTS,430,340,3.09
428,PRCA VENDOR PROFILE,430,430.02,.01
428,PRCA VENDOR PROFILE,430,430.02,3
428,PRCA VENDOR PROFILE,430,430.02,4
428,PRCA VENDOR PROFILE,430,430.02,6
422,PRCAL MEANS LIST,430,430.2,1
422,PRCAL MEANS LIST,430,430.3,1
429,PRCA FOLLOW-UP,433,2,.09
429,PRCA FOLLOW-UP,433,340,.01
429,PRCA FOLLOW-UP,433,340,110
410,PRCAS DC,433,430,2
429,PRCA FOLLOW-UP,433,430,7
429,PRCA FOLLOW-UP,433,430,8
429,PRCA FOLLOW-UP,433,430,9
429,PRCA FOLLOW-UP,433,430,11
413,PRCAP AMIS,433,430,15
413,PRCAP AMIS,433,430,71
410,PRCAS DC,433,430,203
410,PRCAS DC,433,430.2,1
410,PRCAS DC,433,430.3,1
1108,PRCH IMPAC,440.5,200,.132
1108,PRCH IMPAC,440.5,200,28
1108,PRCH IMPAC,440.5,200,29
1055,PRCH RECONCILE PRINT,440.6,442,.01
1055,PRCH RECONCILE PRINT,440.6,442,.5
1055,PRCH RECONCILE PRINT,440.6,442,1
1055,PRCH RECONCILE PRINT,440.6,442,2
1138,PRCH PC AUDIT,440.6,442,5
1055,PRCH RECONCILE PRINT,440.6,442,41
1410,PRCV ITEM DISPLAY,441,441.01,.01
1410,PRCV ITEM DISPLAY,441,441.03,.01
1410,PRCV ITEM DISPLAY,441,441.03,3
273,PRCH PO REGISTER,442,200,1
1483,PRCHLO442_AMENDMENT_VALIDATE,442,200,29
1430,PRCH OBLIGATED 1358 LIST,442,410,6
1430,PRCH OBLIGATED 1358 LIST,442,410,6.5
1127,PRCH TOT AMT DAILY,442,410,7
1430,PRCH OBLIGATED 1358 LIST,442,410,11
1430,PRCH OBLIGATED 1358 LIST,442,410,13
1430,PRCH OBLIGATED 1358 LIST,442,410,19
1430,PRCH OBLIGATED 1358 LIST,442,410,19.1
1430,PRCH OBLIGATED 1358 LIST,442,410,40
1127,PRCH TOT AMT DAILY,442,410,44
1430,PRCH OBLIGATED 1358 LIST,442,410.9,.01
1430,PRCH OBLIGATED 1358 LIST,442,410.9,.02
1479,PRCHLO442_HDR_VALIDATE,442,420.8,1
383,PRCFUOMS,442,420.8,2
1430,PRCH OBLIGATED 1358 LIST,442,440,.01
1430,PRCH OBLIGATED 1358 LIST,442,440,8.3
1430,PRCH OBLIGATED 1358 LIST,442,440,10
1479,PRCHLO442_HDR_VALIDATE,442,440,18.3
1479,PRCHLO442_HDR_VALIDATE,442,440,34
1479,PRCHLO442_HDR_VALIDATE,442,440,35
1486,PRCHLO442_LINEITEM_VALIDATE,442,441,.05
1486,PRCHLO442_LINEITEM_VALIDATE,442,441,51
1496,PRCHLO442_ITEM_DESC1ST_VALID,442,442.01,1
1485,PRCHLO442_DISCOUNT_VALIDATE,442,442.03,1
1482,PRCHLO442_BOC_VALIDATE,442,442.041,1
1483,PRCHLO442_AMENDMENT_VALIDATE,442,442.07,1
1483,PRCHLO442_AMENDMENT_VALIDATE,442,442.07,6
1483,PRCHLO442_AMENDMENT_VALIDATE,442,442.07,10
1495,PRCHLO442_AMEND_DESCR1ST_VALID,442,442.07,12
1488,PRCHLO442_ITEM_RECV_VALIDATE,442,442.08,.01
1480,PRCHLO442_OBLIG_VALIDATE,442,442.09,.01
1480,PRCHLO442_OBLIG_VALIDATE,442,442.09,1
1480,PRCHLO442_OBLIG_VALIDATE,442,442.09,5
1480,PRCHLO442_OBLIG_VALIDATE,442,442.09,8
1480,PRCHLO442_OBLIG_VALIDATE,442,442.09,9
1489,PRCHLO442_PARTIAL_VALIDATE,442,442.11,.01
1489,PRCHLO442_PARTIAL_VALIDATE,442,442.11,.05
286,PRCFA UNDEL ORD,442,442.11,2
286,PRCFA UNDEL ORD,442,442.11,4
1489,PRCHLO442_PARTIAL_VALIDATE,442,442.11,8
1481,PRCHLO442_2237_VALIDATE,442,442.14,.01
1481,PRCHLO442_2237_VALIDATE,442,442.14,2
1481,PRCHLO442_2237_VALIDATE,442,442.14,4
1481,PRCHLO442_2237_VALIDATE,442,442.14,6
1481,PRCHLO442_2237_VALIDATE,442,442.14,9
1481,PRCHLO442_2237_VALIDATE,442,442.14,10
1484,PRCHLO442_PURCH_METH_VALIDATE,442,442.4,2
1479,PRCHLO442_HDR_VALIDATE,442,443.8,1
277,PRCH REQUEST LIST,443,410,27
277,PRCH REQUEST LIST,443,410,44
1058,PRCHQ RFQ FULL,444,444.019,12
1059,PRCHQ RFQ MESSAGES 2,444,444.021,1
1059,PRCHQ RFQ MESSAGES 2,444,444.021,2
1059,PRCHQ RFQ MESSAGES 2,444,444.021,2.5
1059,PRCHQ RFQ MESSAGES 2,444,444.021,12
1059,PRCHQ RFQ MESSAGES 2,444,444.021,14
1058,PRCHQ RFQ FULL,444,444.024,11
262,PRCP REPORT:DUEIN,445,410,.01
262,PRCP REPORT:DUEIN,445,441,5
261,PRCP REPORT:COMPREHENSIVE,445,445.6,2
263,PRCP POSTED DIETETIC PRINT,445.2,441,.05
263,PRCP POSTED DIETETIC PRINT,445.2,441,5
1523,PRSN POC DIVISION PARAMS,456,4,99
1095,PRPF FISCAL TRANS SUMMARY,470.1,200,1
1095,PRPF FISCAL TRANS SUMMARY,470.1,470,73
1509,YS TEST RESULTS,601.92,2,.09
1509,YS TEST RESULTS,601.92,601.84,1
1509,YS TEST RESULTS,601.92,601.84,3
1509,YS TEST RESULTS,601.92,601.84,5
564,YSSR PT INQ PRINT,615.2,615.21,.01
562,YSSR REVIEW ACTION PRINT,615.2,615.34,.01
564,YSSR PT INQ PRINT,615.2,615.5,.01
562,YSSR REVIEW ACTION PRINT,615.2,615.6,.01
909,SOWKHIFP,655,2,.09
909,SOWKHIFP,655,2,.1
1458,RMPR OIF/OEF PSAS VETS,660,2,.09
911,RMPR PRINT ITEM,661,441,.01
911,RMPR PRINT ITEM,661,441,.05
911,RMPR PRINT ITEM,661,441,.1
917,RMPR CLINIC PRINT,663.4,2,.09
917,RMPR CLINIC PRINT,663.4,665,.01
917,RMPR CLINIC PRINT,663.4,665,10
917,RMPR CLINIC PRINT,663.4,665.01,2
930,RMPR 2421 LETTER INFO,664,200,.132
937,RMPR APPROVE,664,441,.01
937,RMPR APPROVE,664,660,6
937,RMPR APPROVE,664,660,6.5
937,RMPR APPROVE,664,660,16
937,RMPR APPROVE,664,661,.01
1420,RMPR WH DISPLAY,664,664.02,.01
1420,RMPR WH DISPLAY,664,664.02,1
1420,RMPR WH DISPLAY,664,664.02,2
1420,RMPR WH DISPLAY,664,664.02,3
1420,RMPR WH DISPLAY,664,664.02,4
937,RMPR APPROVE,664,665,.01
940,RMPR 25293,664.1,441,.01
940,RMPR 25293,664.1,661,.01
932,RMPR 2529 EDT,664.1,664.15,.01
932,RMPR 2529 EDT,664.1,664.15,1
940,RMPR 25293,664.1,664.16,.01
940,RMPR 25293,664.1,664.16,2
940,RMPR 25293,664.1,664.16,4
922,RMPR 2529 INQ,664.1,664.16,9
940,RMPR 25293,664.1,664.16,11
940,RMPR 25293,664.1,665,.01
934,RMPR 2529 VIEW,664.2,660,.01
934,RMPR 2529 VIEW,664.2,660,2
933,RMPR JOB LST,664.2,660,4
933,RMPR JOB LST,664.2,660,5
934,RMPR 2529 VIEW,664.2,660,11
934,RMPR 2529 VIEW,664.2,660,12
934,RMPR 2529 VIEW,664.2,660,27
934,RMPR 2529 VIEW,664.2,660,28
934,RMPR 2529 VIEW,664.2,660,46
934,RMPR 2529 VIEW,664.2,660,47
934,RMPR 2529 VIEW,664.2,660,50
933,RMPR JOB LST,664.2,660,62
934,RMPR 2529 VIEW,664.2,660,69
933,RMPR JOB LST,664.2,660,78
934,RMPR 2529 VIEW,664.2,664.22,.01
934,RMPR 2529 VIEW,664.2,664.22,1
934,RMPR 2529 VIEW,664.2,664.22,2
934,RMPR 2529 VIEW,664.2,664.22,6
1550,RMPO-RPT-HOACTZIPLIST,665,2,.01
1550,RMPO-RPT-HOACTZIPLIST,665,2,.09
1550,RMPO-RPT-HOACTZIPLIST,665,2,.111
1550,RMPO-RPT-HOACTZIPLIST,665,2,.1112
1550,RMPO-RPT-HOACTZIPLIST,665,2,.112
1550,RMPO-RPT-HOACTZIPLIST,665,2,.114
1550,RMPO-RPT-HOACTZIPLIST,665,2,.131
1550,RMPO-RPT-HOACTZIPLIST,665,2,.351
1550,RMPO-RPT-HOACTZIPLIST,665,5,1
1225,RMPO-PRINT-RPD2,665,665.193,2
1225,RMPO-PRINT-RPD2,665,665.194,.01
1225,RMPO-PRINT-RPD2,665,665.194,10
919,RMPR CLOSED VISITS,665.1,4,99
926,RMPR FL 10-90 ADP,665.4,2,.01
926,RMPR FL 10-90 ADP,665.4,2,.09
926,RMPR FL 10-90 ADP,665.4,200,28
926,RMPR FL 10-90 ADP,665.4,200,29
926,RMPR FL 10-90 ADP,665.4,665.2,.01
926,RMPR FL 10-90 ADP,665.4,665.2,1
1457,SUSPENSE OIF/OEF VETS,668,2,.09
679,LBRY TITLE ALPHABETICAL BRIEF,680,680.5,.01
677,LBRY UNION LIST BRIEF,680,680.5,1
677,LBRY UNION LIST BRIEF,680,680.5,2
679,LBRY TITLE ALPHABETICAL BRIEF,680,680.5,4
677,LBRY UNION LIST BRIEF,680,680.5,5
677,LBRY UNION LIST BRIEF,680,680.5,6
679,LBRY TITLE ALPHABETICAL BRIEF,680,680.5,7
679,LBRY TITLE ALPHABETICAL BRIEF,680,680.5,8
679,LBRY TITLE ALPHABETICAL BRIEF,680,680.5,9
618,LBRY PATRON TITLES,680.5,680,.01
618,LBRY PATRON TITLES,680.5,680,.02
618,LBRY PATRON TITLES,680.5,680,1.1
618,LBRY PATRON TITLES,680.5,680,2.1
618,LBRY PATRON TITLES,680.5,680,9
618,LBRY PATRON TITLES,680.5,680,9.1
618,LBRY PATRON TITLES,680.5,680,9.4
618,LBRY PATRON TITLES,680.5,680,9.8
659,LBRY SUBSCRIPTION/VENDOR,681,680,.01
659,LBRY SUBSCRIPTION/VENDOR,681,680,4
659,LBRY SUBSCRIPTION/VENDOR,681,680,7
659,LBRY SUBSCRIPTION/VENDOR,681,680,8
659,LBRY SUBSCRIPTION/VENDOR,681,680,8.3
659,LBRY SUBSCRIPTION/VENDOR,681,680,8.4
659,LBRY SUBSCRIPTION/VENDOR,681,680,8.5
659,LBRY SUBSCRIPTION/VENDOR,681,680,8.6
1336,LBRY TITLES DUE RENEWAL 2,681,680,10.5
1336,LBRY TITLES DUE RENEWAL 2,681,680,10.8
1336,LBRY TITLES DUE RENEWAL 2,681,680.5,.01
1336,LBRY TITLES DUE RENEWAL 2,681,680.5,.05
1336,LBRY TITLES DUE RENEWAL 2,681,680.5,7
1337,LBRY MISSING ISSUES LIST 2,682,680.5,7
673,LBRY ROUTE-TO-RETURN,682,681,.01
653,LBRY MISSING ISSUES LIST,682,681,1.4
673,LBRY ROUTE-TO-RETURN,682,681,2
1337,LBRY MISSING ISSUES LIST 2,682,681,3.01
673,LBRY ROUTE-TO-RETURN,682,682.04,4
1021,MCARECHOBRPR,691,691.04,1
974,MCARCATH1,691.1,691.16,1
974,MCARCATH1,691.1,691.16,2
973,MCARCATH2,691.1,691.26,1
973,MCARCATH2,691.1,691.26,2
1039,MCCBRZ,691.1,691.26,3
973,MCARCATH2,691.1,691.26,4
973,MCARCATH2,691.1,691.26,5
973,MCARCATH2,691.1,691.26,6
973,MCARCATH2,691.1,691.26,7
1039,MCCBRZ,691.1,691.26,8
1039,MCCBRZ,691.1,691.26,9
973,MCARCATH2,691.1,691.26,10
973,MCARCATH2,691.1,691.26,11
973,MCARCATH2,691.1,691.26,12
973,MCARCATH2,691.1,691.26,13
1039,MCCBRZ,691.1,691.26,14
973,MCARCATH2,691.1,691.26,15
973,MCARCATH2,691.1,691.26,16
973,MCARCATH2,691.1,691.26,17
973,MCARCATH2,691.1,691.26,18
973,MCARCATH2,691.1,691.26,19
1039,MCCBRZ,691.1,691.26,20
973,MCARCATH2,691.1,691.26,21
973,MCARCATH2,691.1,691.26,22
973,MCARCATH2,691.1,691.26,23
973,MCARCATH2,691.1,691.26,24
973,MCARCATH2,691.1,691.26,25
973,MCARCATH2,691.1,691.26,27
973,MCARCATH2,691.1,691.26,28
973,MCARCATH2,691.1,691.26,29
973,MCARCATH2,691.1,691.26,30
973,MCARCATH2,691.1,691.26,32
973,MCARCATH2,691.1,691.26,34
973,MCARCATH2,691.1,691.26,45
972,MCARCATH3,691.1,691.31,.01
972,MCARCATH3,691.1,691.31,1
972,MCARCATH3,691.1,691.33,.01
972,MCARCATH3,691.1,691.33,1
1039,MCCBRZ,691.1,691.4,.01
976,MCAREKG1,691.5,2,.02
976,MCAREKG1,691.5,690,.01
976,MCAREKG1,691.5,691.53,1
976,MCAREKG1,691.5,691.53,2
980,MCARHOLT2,691.6,691.61,1
980,MCARHOLT2,691.6,691.61,2
975,MCARETT1,691.7,2,.02
975,MCARETT1,691.7,690,.01
977,MCAREP1,691.8,691.803,1
977,MCAREP1,691.8,691.803,2
977,MCAREP1,691.8,691.804,.01
977,MCAREP1,691.8,691.811,.01
977,MCAREP1,691.8,691.811,1
977,MCAREP1,691.8,691.812,.01
1041,MCAREP2,691.9,691.911,.01
1041,MCAREP2,691.9,691.911,1
1041,MCAREP2,691.9,691.911,2
1041,MCAREP2,691.9,691.911,3
1041,MCAREP2,691.9,691.911,4
1041,MCAREP2,691.9,691.911,5
1041,MCAREP2,691.9,691.911,6
1041,MCAREP2,691.9,691.911,7
1041,MCAREP2,691.9,691.911,8
1041,MCAREP2,691.9,691.911,9
1041,MCAREP2,691.9,691.921,.01
1041,MCAREP2,691.9,691.921,6
1041,MCAREP2,691.9,691.921,7
1041,MCAREP2,691.9,691.921,8
1041,MCAREP2,691.9,691.921,9
1041,MCAREP2,691.9,691.921,10
1041,MCAREP2,691.9,691.93,.01
1041,MCAREP2,691.9,691.93,1
1041,MCAREP2,691.9,691.93,2
1041,MCAREP2,691.9,691.93,3
1041,MCAREP2,691.9,691.93,4
1041,MCAREP2,691.9,691.93,5
1041,MCAREP2,691.9,691.93,7
1041,MCAREP2,691.9,691.93,8
1041,MCAREP2,691.9,691.931,.01
978,MCAREP3,692,692.019,.01
978,MCAREP3,692,692.02,.01
978,MCAREP3,692,692.02,2
978,MCAREP3,692,692.02,3
978,MCAREP3,692,692.02,4
978,MCAREP3,692,692.02,5
978,MCAREP3,692,692.02,6
978,MCAREP3,692,692.02,7
978,MCAREP3,692,692.02,8
978,MCAREP3,692,692.07,.01
993,MCARSR,694.5,2,.02
993,MCARSR,694.5,690,.01
988,MCARPG,698,690,.01
988,MCARPG,698,690,1
988,MCARPG,698,690,7
988,MCARPG,698,690,8
988,MCARPG,698,690,9
988,MCARPG,698,690,10
988,MCARPG,698,690,11
988,MCARPG,698,690,12
988,MCARPG,698,690,13
988,MCARPG,698,690,14
990,MCAROPV,698.1,690,.01
990,MCAROPV,698.1,690,1
990,MCAROPV,698.1,690,7
990,MCAROPV,698.1,690,8
990,MCAROPV,698.1,690,9
990,MCAROPV,698.1,690,10
990,MCAROPV,698.1,690,11
990,MCAROPV,698.1,690,12
990,MCAROPV,698.1,690,13
990,MCAROPV,698.1,690,14
989,MCAROPA,698.2,690,.01
989,MCAROPA,698.2,690,1
989,MCAROPA,698.2,690,7
989,MCAROPA,698.2,690,8
989,MCAROPA,698.2,690,9
989,MCAROPA,698.2,690,10
989,MCAROPA,698.2,690,11
989,MCAROPA,698.2,690,12
989,MCAROPA,698.2,690,13
989,MCAROPA,698.2,690,14
991,MCAROPS,698.3,690,.01
991,MCAROPS,698.3,690,1
991,MCAROPS,698.3,690,7
991,MCAROPS,698.3,690,8
991,MCAROPS,698.3,690,9
991,MCAROPS,698.3,690,10
991,MCAROPS,698.3,690,11
991,MCAROPS,698.3,690,12
991,MCAROPS,698.3,690,13
991,MCAROPS,698.3,690,14
981,MCARGIRCLI,699,2,.131
1012,MCAROGH,699,120.8,.01
1012,MCAROGH,699,120.8,.02
1012,MCAROGH,699,120.8,10
981,MCARGIRCLI,699,690,.01
1013,MCAROGM,699,690,1
984,MCAROG,699,690,2
1042,MCAROPZ,699,690,3
1042,MCAROPZ,699,690,4
1042,MCAROPZ,699,690,5
1042,MCAROPZ,699,690,6
1278,MCNONENDOPARAC,699,697.2,7
1026,MCARGIBRPR,699,699.01,4
1013,MCAROGM,699,699.05,.01
1013,MCAROGM,699,699.38,2
983,MCARGINON,699,699.59,.01
1035,MCGENERICBRPR,699.5,697.2,7
999,MCRHBACK,701,2,.02
999,MCRHBACK,701,2,.05
999,MCRHBACK,701,2,.07
999,MCRHBACK,701,2,.111
999,MCRHBACK,701,2,.112
999,MCRHBACK,701,2,.113
999,MCRHBACK,701,2,.115
999,MCRHBACK,701,2,.116
999,MCRHBACK,701,2,.131
999,MCRHBACK,701,2,.132
999,MCRHBACK,701,2,.31115
1010,MCRHPROG,701,701.0615,1
1503,EC STOP CODE SECONDARY,724,40.7,1
1503,EC STOP CODE SECONDARY,724,40.7,6
1139,ECX LOG,727,727.0301,.01
1426,ECX LAB TEST PRINT,727.2,60,.01
1426,ECX LAB TEST PRINT,727.2,60,1
1426,ECX LAB TEST PRINT,727.2,60,6
1426,ECX LAB TEST PRINT,727.2,60,100
1426,ECX LAB TEST PRINT,727.2,60,500
1522,ECX CLINIC REVIEW EXPORT,728.44,44,2
1522,ECX CLINIC REVIEW EXPORT,728.44,44,3.5
1522,ECX CLINIC REVIEW EXPORT,728.44,44,50.01
1522,ECX CLINIC REVIEW EXPORT,728.44,44,50.02
1522,ECX CLINIC REVIEW EXPORT,728.44,44,1912
1522,ECX CLINIC REVIEW EXPORT,728.44,44,1913
1522,ECX CLINIC REVIEW EXPORT,728.44,44,2502
1522,ECX CLINIC REVIEW EXPORT,728.44,44,2505
1522,ECX CLINIC REVIEW EXPORT,728.44,44,2506
1522,ECX CLINIC REVIEW EXPORT,728.44,44,2507
1121,QAC PAT BRIEF,745.1,49,.01
1121,QAC PAT BRIEF,745.1,745.121,.01
1121,QAC PAT BRIEF,745.1,745.1212,.01
1121,QAC PAT BRIEF,745.1,745.1213,.01
1121,QAC PAT BRIEF,745.1,745.2,7
1121,QAC PAT BRIEF,745.1,745.5,1
1121,QAC PAT BRIEF,745.1,745.55,.01
1121,QAC PAT BRIEF,745.1,745.6,1
1189,DG NPTF TOTALS,772,779.001,2
1316,ROR LOG,798.7,798.74,3
1317,ROR DATA ELEMENTS,799.2,799.22,4
1397,PXRM EXTRACT SUMMARY PRNT,810.3,2,.09
1397,PXRM EXTRACT SUMMARY PRNT,810.3,810.31,.01
882,ESP VEHICLE REGISTRATION LOG,910.2,910,.04
895,ESP CAR POOL ASSIGNMENTS,910.2,910,.05
894,ESP CAR POOL AVAILABILITY LIST,910.2,910,1.05
890,ESP CASE ASSIGNMENT REGISTER,912,912.04,.02
890,ESP CASE ASSIGNMENT REGISTER,912,912.05,.02
890,ESP CASE ASSIGNMENT REGISTER,912,912.17,.01
1217,MPIF REQUEST VIEW,984.9,2,.09
1217,MPIF REQUEST VIEW,984.9,4,99
1467,MAG REPORT 4,2005,2,.0905
1541,MAGV-PAT-QUERY,2005.6,2,.01
1541,MAGV-PAT-QUERY,2005.6,2,.09
1541,MAGV-PAT-QUERY,2005.6,2005.61,.01
1541,MAGV-PAT-QUERY,2005.6,2005.62,.01
1541,MAGV-PAT-QUERY,2005.6,2005.62,3
1541,MAGV-PAT-QUERY,2005.6,2005.62,14
1541,MAGV-PAT-QUERY,2005.6,2005.63,.01
1541,MAGV-PAT-QUERY,2005.6,2005.63,3
1541,MAGV-PAT-QUERY,2005.6,2005.63,14
1541,MAGV-PAT-QUERY,2005.6,2005.64,.01
1541,MAGV-PAT-QUERY,2005.6,2005.64,13
1541,MAGV-PAT-QUERY,2005.6,2006.918,6
1542,MAGV-PROC-QUERY,2005.61,2,.01
1542,MAGV-PROC-QUERY,2005.61,2,.03
1542,MAGV-PROC-QUERY,2005.61,2,.09
1542,MAGV-PROC-QUERY,2005.61,2005.62,.01
1542,MAGV-PROC-QUERY,2005.61,2005.63,.01
1540,MAGV-FILEREF-QUERY,2006.918,2,.01
1540,MAGV-FILEREF-QUERY,2006.918,2,.02
1540,MAGV-FILEREF-QUERY,2006.918,2,.03
1540,MAGV-FILEREF-QUERY,2006.918,2,.09
1540,MAGV-FILEREF-QUERY,2006.918,2005.62,.01
1540,MAGV-FILEREF-QUERY,2006.918,2005.63,.01
1170,ANRV BIRTH LIST,2040,2,.03
1169,ANRV AGE LIST,2040,2,.033
1176,ANRV ELIG AMIS LIST,2040,2,.09
1160,ANRVAD,2040,2,.1
1160,ANRVAD,2040,2,.101
1168,ANRV DECEASED LIST,2040,2,.351
1175,ANRV FEE PT,2040,161,.01
1175,ANRV FEE PT,2040,161,.02
1175,ANRV FEE PT,2040,161,.095
1175,ANRV FEE PT,2040,161,1
1173,ANRV EYE DIAG NAR,2040,2040.04,.01
1165,ANRV ROSTER A/R,2040,2040.06,1
1177,ANRV CHECKLIST,2041.7,2,.09
1177,ANRV CHECKLIST,2041.7,2040,.01
1177,ANRV CHECKLIST,2041.7,2040,6
1177,ANRV CHECKLIST,2041.7,2041.732,.01
1179,ANRVPR,2042.5,2,.09
1179,ANRVPR,2042.5,2040,.01
1179,ANRVPR,2042.5,2042.51,.01
1179,ANRVPR,2042.5,2042.51,4
1179,ANRVPR,2042.5,2042.51,5
1179,ANRVPR,2042.5,2042.51,6
1180,ANRV CLAIM REC INQ,2043.5,2,.09
1180,ANRV CLAIM REC INQ,2043.5,2,.313
1180,ANRV CLAIM REC INQ,2043.5,2040,.01
1463,ENIT ASSIGNMENT INQ,6916.3,6916.2,2
158,ENPLP006,6925,4,.01
154,ENPLP001,6925,4,.02
158,ENPLP006,6925,4,.07
154,ENPLP001,6925,4,1.03
154,ENPLP001,6925,4,1.04
154,ENPLP001,6925,5,1
162,ENPLP009,6925,200,.01
158,ENPLP006,6925,6925.03,.01
158,ENPLP006,6925,6925.03,1
158,ENPLP006,6925,6925.03,2
158,ENPLP006,6925,6925.03,3
158,ENPLP006,6925,6925.03,4
162,ENPLP009,6925,6925.04,3
158,ENPLP006,6925,7336.6,.01
158,ENPLP006,6925,7336.6,1
142,ENSPPRKEY,6927,6926,.01
146,ENSP-ROOM-LOCK,6928,6927,.01
146,ENSP-ROOM-LOCK,6928,6927,1
146,ENSP-ROOM-LOCK,6928,6927,2
1350,TIU PRINT REL/UNV,8925,2,.09
1118,TIU PRINT SERVICE STATS,8925,9000001,.01
1332,ABSVM PARKING EXPORT,503330,5,1
1330,ABSVM PROFILES EXPORT,503330,503330.01,1
1330,ABSVM PROFILES EXPORT,503330,503330.01,5
1330,ABSVM PROFILES EXPORT,503330,503330.01,6
1330,ABSVM PROFILES EXPORT,503330,503330.01,7
1330,ABSVM PROFILES EXPORT,503330,503330.01,20
1330,ABSVM PROFILES EXPORT,503330,503330.01,22
1331,ABSVM VOL COMBINATIONS EXPORT,503330,503330.03,1
1331,ABSVM VOL COMBINATIONS EXPORT,503330,503330.03,2
1331,ABSVM VOL COMBINATIONS EXPORT,503330,503330.03,3
1331,ABSVM VOL COMBINATIONS EXPORT,503330,503330.03,5
1332,ABSVM PARKING EXPORT,503330,503330.121,1
1331,ABSVM VOL COMBINATIONS EXPORT,503330,503332,.01
1331,ABSVM VOL COMBINATIONS EXPORT,503330,503333,.01
1331,ABSVM VOL COMBINATIONS EXPORT,503330,503334,.01
1330,ABSVM PROFILES EXPORT,503330,503337,1
965,ABSV TT88 LIST,503330,503338,9
1327,ABSVM REGULAR HOURS EXPORT,503331,503332,.01
1327,ABSVM REGULAR HOURS EXPORT,503331,503334,.01
947,ABSV SERVICE LIST,503335,503332,1
1326,ABSVM OCCASIONAL EXPORT,503336,503332,.01
1326,ABSVM OCCASIONAL EXPORT,503336,503334,.01
1272,ONC DISEASE INDEX,9000010.07,2,.0905
