ID,INSTALLED,VERIFY_DT,STATUS,SEQ#,LABELED_AS,CATEGORY,PRODUCT_NAME,"PREREQUISITES OR SPECIAL NOTES
small s denotes Redacted",REDACTED INFO IN FOIA RELEASE
1,TRUE,2013-01-07,VERIFIED,334,PSN*4*346,ROUTINE,NATIONAL DRUG FILE,NDF4P346.KIDs,Yes
2,TRUE,2013-01-09,VERIFIED,NEW,CHDR*2.1.2,INFORMATIONAL,CLINICAL DATE REPOSITORY/HEALTH DATA REPOSITORY,INFORMATION ONLY,
3,TRUE,2013-01-10,VERIFIED,493,SD*5.3*589,ROUTINE,SCHEDULING,,
4,TRUE,2013-01-10,VERIFIED,84,MAG*3*139,INFORMATIONAL,IMAGING,INFORMATION ONLY,
5,TRUE,2013-01-14,VERIFIED,143,PRC*5.1*172,ROUTINE,IFCAP,,
6,FALSE,2013-01-14,VERIFIED,1,DSIR*8.2*1,ROUTINE,RELEASE OF INFORMATION,PROHIBITED FROM FOIA DUE TO COPYRIGHT,
7,TRUE,2013-01-14,VERIFIED,144,PRC*5.1*175,ROUTINE,IFCAP,,
8,TRUE,2013-01-17,VERIFIED,110,EC*2*117,ROUTINE,EVENT CAPTURE,,
9,TRUE,2013-01-18,VERIFIED,246,TIU*1*264,ROUTINE,TEXT INTEGRATION UTILITY,TIU_1_264_MED_ZIP,
10,TRUE,2013-01-18,VERIFIED,51,VBEC*1*52,INFORMATIONAL,VISTA BLOOD BANK,INFORMATION ONLY,
11,TRUE,2013-01-18,VERIFIED,NEW,EDP 2.0,,EMERGENCY DEPARTMENT INTEGRATED SOFTWARE,EDP2_0.KID,
12,FALSE,2013-01-18,VERIFIED,2,DSIR*8.2*3,INFORMATIONAL,RELEASE OF INFORMATION,PROHIBITED FROM FOIA DUE TO COPYRIGHT,
13,FALSE,2013-01-22,VERIFIED,7,DSIV*2.2*7,OTHER,INSURANCE CAPTURE BUFFER,PROHIBITED FROM FOIA DUE TO COPYRIGHT,
14,TRUE,2013-01-22,VERIFIED,335,PSN*4*347,ROUTINE,NATIONAL DRUG FILE,NDF4P347.KID,
15,TRUE,2013-01-22,VERIFIED,336,PSN*4*348,ROUTINE,NATIONAL DRUG FILE,NDF4P348.KIDs,Yes
16,TRUE,2013-01-22,VERIFIED,444,IB*2*476,DATA,INTEGRATED BILLING,,
17,TRUE,2013-01-22,VERIFIED,118,FB*3.5*135,ENHANCEMENT,FEE BASIS,,
18,TRUE,2013-01-29,VERIFIED,33,USR*1*35,INFORMATIONAL,AUTHORIZATION/SUBSCRIPTION,INFORMATION ONLY,
19,TRUE,2013-01-30,VERIFIED,86,EN*7*91,ROUTINE,ENGINEERING,,
20,TRUE,2013-01-30,VERIFIED,59,ICD*18*65,ROUTINE,DRG GROUPER,,
21,TRUE,2013-01-31,VERIFIED,247,TIU*1*269,ROUTINE,TEXT INTEGRATION UTILITY,,
22,TRUE,2013-01-31,VERIFIED,344,PSO*7*405,ROUTINE,OUTPATIENT PHARMACY,,
23,TRUE,2013-01-31,VERIFIED,,PREN 1.0,NEW PACKAGE,PHARMACY PRODUCT SYSTEM-NATIONAL,WEB BASED,
24,TRUE,2013-01-31,VERIFIED,1,PREN*1*1,INFORMATIONAL,PHARMACY PRODUCT SYSTEM-NATIONAL,INFORMATION ONLY,
25,TRUE,2013-02-04,VERIFIED,31,FH*5.5*32,ROUTINE,NUTRITION AND FOOD SERVICES,,
26,TRUE,2013-02-04,VERIFIED,145,PRC*5.1*162,ENHANCEMENT,IFCAP,,
27,TRUE,2013-02-04,VERIFIED,32,GEC*2*35,ENHANCEMENT,GENERIC CODE SHEET,,
28,TRUE,2013-02-04,VERIFIED,119,FB*3.5*132,ENHANCEMENT,FEE BASIS,,
29,FALSE,2013-02-04,VERIFIED,17,DSIF*3.2*34,ROUTINE,FEE BASIS CLAIM SYSTEM,PROHIBITED FROM FOIA DUE TO COPYRIGHT,
30,TRUE,2013-02-05,VERIFIED,1,KMPD*3*2,INFORMATIONAL,CAPACITY MANAGEMENT TOOLS,INFORMATION ONLY,
31,TRUE,2013-02-05,VERIFIED,2,KMPR*2*3,INFORMATIONAL,RESOURCE USAGE MONITOR,INFORMATION ONLY,,
32,TRUE,2013-02-05,VERIFIED,1,KMPS*2*2,INFORMATIONAL,SAGG,INFORMATION ONLY,,
33,TRUE,2013-02-05,VERIFIED,2,MMRS*1*2,INFORMATIONAL,MRSA INITIATIVE REPORTS,INFORMATION ONLY,,
34,TRUE,2013-02-06,VERIFIED,67,GMRC*3*46,ROUTINE,CONSULTS REQUESTS TRACKING,,,
35,TRUE,2013-02-06,VERIFIED,79,LEX*2*89,ROUTINE,CLINICAL LEXICON,LEX_2_89.GBLs,Yes,
36,TRUE,2013-02-06,VERIFIED,60,ICPT*6*62,INFORMATIONAL,CPT/HCPCS CODES,SEE LEX*2*89,,
37,TRUE,2013-02-07,VERIFIED,240,PSJ*5*285,ROUTINE,INPATIENT MEDICATIONS,,,
38,TRUE,2013-02-07,VERIFIED,33,GEC*2*38,INFORMATIONAL,GENERIC CODE SHEET,INFORMATION ONLY,,
39,TRUE,2013-02-07,VERIFIED,2,WII*1*2,INFORMATIONAL,WOUNDED ILL AND INJURED WARRIORS,INFORMATION ONLY,,
40,TRUE,2013-02-11,VERIFIED,337,PSN*4*349,ROUTINE,NATIONAL DRUG FILE,NDF4P349.KIDs,Yes,
41,TRUE,2013-02-11,VERIFIED,445,IB*2*459,ROUTINE,INTEGRATED BILLING,IB_20_459.KID,,
42,TRUE,2013-02-11,VERIFIED,257,PRCA*4.5*280,INFORMATIONAL,ACCOUNTS RECEIVABLE,IB_20_459.KID,,
43,TRUE,2013-02-11,VERIFIED,313,OR*3*352,ROUTINE,ORDER ENTRY/RESULTS REPORTING,PREM - MOCHA,,
44,TRUE,2013-02-11,VERIFIED,152,PSS*1*164,ENHANCEMENT,PHARMACY DATA MANAGEMENT,PREM - MOCHA,Yes,
45,TRUE,2013-02-11,VERIFIED,153,PSS*1*169,ROUTINE,PHARMACY DATA MANAGEMENT,PREM - MOCHA,,
46,TRUE,2013-02-11,VERIFIED,345,PSO*7*390,ROUTINE,OUTPATIENT PHARMACY,PREM - MOCHA,,
47,TRUE,2013-02-11,VERIFIED,346,PSO*7*417,ROUTINE,OUTPATIENT PHARMACY,PREM - MOCHA,,
48,TRUE,2013-02-11,VERIFIED,241,PSJ*5*268,ROUTINE,INPATIENT MEDICATIONS,PREM - MOCHA,,
49,TRUE,2013-02-11,VERIFIED,242,PSJ*5*260,ROUTINE,INPATIENT MEDICATIONS,PREM - MOCHA,,
50,TRUE,2013-02-11,VERIFIED,243,PSJ*5*288,ROUTINE,INPATIENT MEDICATIONS,PREM - MOCHA,,
51,TRUE,2013-02-12,VERIFIED,314,OR*3*315,ROUTINE,ORDER ENTRY/RESULTS REPORTING,,,
52,TRUE,2013-02-12,VERIFIED,94,GMTS*2.7*96,ROUTINE,HEALTH SUMMARY,,,
53,TRUE,2013-02-12,VERIFIED,490,XU*8*618,INFORMATIONAL,VA KERNEL,INFORMATION ONLY,,
54,TRUE,2013-02-12,VERIFIED,491,XU*8*619,INFORMATIONAL,VA KERNEL,INFORMATION ONLY,,
55,TRUE,2013-02-13,VERIFIED,2,XOBE*1*1,INFORMATIONAL,ELECTRONIC SIGNATURE,INFORMATION ONLY,,
56,TRUE,2013-02-13,VERIFIED,3,XOBW*1*3,INFORMATIONAL,WEB SERVICES CLIENT,INFORMATION ONLY,,
57,TRUE,2013-02-14,VERIFIED,6,ORRC*1*9,INFORMATIONAL,CARE MANAGEMENT,INFORMATION ONLY,,
58,TRUE,2013-02-14,VERIFIED,1,XOBV*1.6*2,INFORMATIONAL,VISTALINK,INFORMATION ONLY,,
59,TRUE,2013-02-14,VERIFIED,45,XWB*1.1*61,INFORMATIONAL,RPC BROKER,INFORMATION ONLY,,
60,TRUE,2013-02-19,VERIFIED,85,MAG*3*124,ENHANCEMENT,IMAGING,MAG_0P124.KIDs,Yes,
61,TRUE,2013-02-19,VERIFIED,146,PRC*5.1*161,ROUTINE,IFCAP,,,
62,TRUE,2013-02-21,VERIFIED,492,XU*8*623,INFORMATIONAL,VA KERNEL,INFORMATION ONLY,,
63,TRUE,2013-02-21,VERIFIED,147,PRC*5.1*120,ROUTINE,IFCAP,,,
64,TRUE,2013-02-21,VERIFIED,52,VBEC*1*53,INFORMATIONAL,VISTA BLOOD BANK,INFORMATION ONLY,,
65,TRUE,2013-02-25,VERIFIED,338,PSN*4*350,ROUTINE,NATIONAL DRUG FILE,NDF4P350.KID,,
66,TRUE,2013-02-25,VERIFIED,339,PSN*4*351,ROUTINE,NATIONAL DRUG FILE,NDF4P351.KIDs,Yes,
67,TRUE,2013-02-25,VERIFIED,7,OHRS*1.4*7,INFORMATIONAL,OCCUPATIONAL HEALTH RECORD SYSTEM,,,
68,TRUE,2013-02-25,VERIFIED,57,PSB*3*66,ROUTINE,BAR CODE MED ADMIN,,,
69,TRUE,2013-02-26,VERIFIED,446,IB*2*491,ENHANCEMENT,INTEGRATED BILLING,,,
70,TRUE,2013-02-26,VERIFIED,347,PSO*7*409,ROUTINE,OUTPATIENT PHARMACY,,,
71,TRUE,2013-02-28,VERIFIED,494,SD*5.3*599,DATA,SCHEDULING,,,
72,TRUE,2013-02-28,VERIFIED,447,IB*2*492,ROUTINE,INTEGRATED BILLING,,,
73,TRUE,2013-03-01,VERIFIED,760,DG*5.3*846,DATA,REGISTRATION,,,
74,TRUE,2013-03-04,VERIFIED,493,XU*8*522,ROUTINE,VA KERNEL,,,
75,TRUE,2013-03-04,VERIFIED,127,ECX*3*141,ROUTINE,DSS EXTRACTS,,,
76,TRUE,2013-03-05,VERIFIED,348,PSO*7*364,ROUTINE,OUTPATIENT PHARMACY,,,
77,TRUE,2013-03-11,VERIFIED,340,PSN*4*352,ROUTINE,NATIONAL DRUG FILE,NDF4P352.KIDs,Yes,
78,TRUE,2013-03-11,VERIFIED,22,DGBT*1*20,ROUTINE,BENEFICIARY TRAVEL,DGBT_1_P20.KID,,
79,FALSE,2013-03-13,VERIFIED,61,DENT*1.2*64,ROUTINE,DENTAL,PROHIBITED FROM FOIA DUE TO COPYRIGHT,,
80,TRUE,2013-03-13,VERIFIED,494,XU*8*602,ROUTINE,VA KERNEL,,,
81,TRUE,2013-03-14,VERIFIED,57,ONC*2.11*57,DATA,ONCOLOGY,ONC211P57.KIDs,Yes,
82,TRUE,2013-03-14,VERIFIED,448,IB*2*448,ROUTINE,INTEGRATED BILLING,,,
83,TRUE,2013-03-18,VERIFIED,13,BPS*1*14,ROUTINE,HIPAA,,,
84,TRUE,2013-03-19,VERIFIED,349,PSO*7*333,ROUTINE,OUTPATIENT PHARMACY,,,
85,TRUE,2013-03-19,VERIFIED,160,DVBA*2.7*181,ENHANCEMENT,AMIE,DVBA_27_P181_21.ZIP,,
86,TRUE,2013-03-20,VERIFIED,341,PSN*4*353,ROUTINE,NATIONAL DRUG FILE,NDF4P353.KID,,
87,TRUE,2013-03-20,VERIFIED,342,PSN*4*354,ROUTINE,NATIONAL DRUG FILE,NDF4P354.KIDs,Yes,
88,TRUE,2013-03-20,VERIFIED,128,ECX*3*143,ROUTINE,DSS EXTRACTS,,,
89,TRUE,2013-03-21,VERIFIED,22,MD*1*33,ROUTINE,CLINICAL PROCEDURES,,,
90,TRUE,2013-03-21,VERIFIED,53,VBEC*1*55,INFORMATIONAL,VISTA BLOOD BANK,INFORMATION ONLY,,
91,TRUE,2013-03-25,VERIFIED,495,SD*5.3*601,ROUTINE,SCHEDULING,,,
92,TRUE,2013-03-25,VERIFIED,350,PSO*7*374,ROUTINE,OUTPATIENT PHARMACY,,,
93,TRUE,2013-03-25,VERIFIED,258,PRCA*4.5*292,ROUTINE,ACCOUNTS RECEIVABLE,,,
94,TRUE,2013-03-26,VERIFIED,449,IB*2*474,ROUTINE,INTEGRATED BILLING,,,
95,TRUE,2013-03-27,VERIFIED,154,PSS*1*150,ROUTINE,PHARMACY DATA MANAGEMENT,,,
96,TRUE,2013-03-27,VERIFIED,450,IB*2*457,ROUTINE,INTEGRATED BILLING,,,
97,TRUE,2013-03-28,VERIFIED,1,WEBI*5*1,INFORMATIONAL,INTEGRATED HOME TELEHEATH,,,
98,FALSE,2013-03-29,VERIFIED,3,DSIR*8.2.2,ROUTINE,RELEASE OF INFORMATION,PROHIBITED FROM FOIA DUE TO COPYRIGHT,,
99,TRUE,2013-04-03,VERIFIED,1,PREC*2.2*1,INFORMATIONAL,PHARMACY ENTERPRISE CUSTOMIZATION SYSTEM,WEB BASED,,
100,TRUE,2013-04-03,VERIFIED,NP,PREC*2.2,INFORMATIONAL,PHARMACY ENTERPRISE CUSTOMIZATION SYSTEM,WEB BASED,,
101,FALSE,2013-04-04,VERIFIED,18,DSIF*3.2*22,ENHANCEMENT,FEE BASIS CLAIM SYSTEM,PROHIBITED FROM FOIA DUE TO COPYRIGHT,,
102,TRUE,2013-04-04,VERIFIED,80,LEX*2*90,ROUTINE,CLINICAL LEXICON,LEX_2_90.GBLs,Yes,
103,TRUE,2013-04-04,VERIFIED,61,ICPT*6*63,INFORMATIONAL,CPT/HCPCS CODES,SEE LEX*2*90,,
104,TRUE,2013-04-05,VERIFIED,95,GMTS*2.7*105,ROUTINE,HEALTH SUMMARY,,,
105,TRUE,2013-04-08,VERIFIED,148,PRC*5.1*150,ROUTINE,IFCAP,,,
106,TRUE,2013-04-08,VERIFIED,761,DG*5.3*866,ROUTINE,REGISTRATION,,,
107,TRUE,2013-04-09,VERIFIED,343,PSN*4*355,ROUTINE,NATIONAL DRUG FILE,NDF4P355.KIDs,Yes,
108,TRUE,2013-04-10,VERIFIED,335,LR*5.2*423,ROUTINE,LABORATORY,,,
109,TRUE,2013-04-11,VERIFIED,495,XU*8*588,ROUTINE,VA KERNEL,,,
110,TRUE,2013-04-11,VERIFIED,259,PRCA*4.5*293,ROUTINE,ACCOUNTS RECEIVABLE,,,
111,FALSE,2013-04-15,ERROR,1,EDP*2*4,ROUTINE,EMERGENCY DEPARTMENT INTEGRATED SOFTWARE,PATCH WAS CORRUPTED AND MARKED AS ENTERED IN ERROR -- PATCH IS NOT ON SITE,,
112,TRUE,2013-04-15,VERIFIED,244,PSJ*5*287,ROUTINE,INPATIENT MEDICATIONS,,,
113,TRUE,2013-04-16,VERIFIED,351,PSO*7*415,ROUTINE,OUTPATIENT PHARMACY,,,
114,TRUE,2013-04-17,VERIFIED,101,RA*5*112,ROUTINE,RADIOLOGY,,,
115,TRUE,2013-04-18,VERIFIED,6,RMIM*1*6,INFORMATIONAL,FUNCTIONAL INDEPENDENCE,INFORMATION ONLY,,
116,TRUE,2013-04-18,VERIFIED,111,EC*2*120,ROUTINE,EVENT CAPTURE,,,
117,TRUE,2013-04-18,VERIFIED,54,VBEC*1*57,INFORMATIONAL,VISTA BLOOD BANK,INFORMATION ONLY,,
118,FALSE,2013-04-19,ERROR,21,QAC*2*22,INFORMATIONAL,PATIENT REPRESENTATIVE,PATCH WAS MARKED AS ENTERED IN ERROR,,
119,TRUE,2013-04-22,VERIFIED,245,PSJ*5*228,ROUTINE,INPATIENT MEDICATIONS,,,
120,TRUE,2013-04-22,VERIFIED,336,LR*5.2*426,DATA,LABORATORY,,,
121,TRUE,2013-04-22,VERIFIED,344,PSN*4*356,ROUTINE,NATIONAL DRUG FILE,NDF4P356.KID,,
122,TRUE,2013-04-22,VERIFIED,345,PSN*4*357,ROUTINE,NATIONAL DRUG FILE,NDF4P357.KIDs,Yes,
123,TRUE,2013-04-22,VERIFIED,8,QAQ*1.7*8,INFORMATIONAL,QUALITY ASSURANCE,,,
124,TRUE,2013-04-26,VERIFIED,451,IB*2*483,ROUTINE,INTEGRATED BILLING,,,
125,TRUE,2013-04-29,VERIFIED,22,QAC*2*23,INFORMATIONAL,PATIENT REPRESENTATIVE,,,
126,TRUE,2013-04-29,VERIFIED,352,PSO*7*410,ROUTINE,OUTPATIENT PHARMACY,,,
127,TRUE,2013-04-29,VERIFIED,496,XU*8*616,ROUTINE,VA KERNEL,,,
128,TRUE,2013-04-20,VERIFIED,32,FH*5.5*29,ROUTINE,NUTRITION AND FOOD SERVICES,,,
129,TRUE,2013-05-01,VERIFIED,161,DVBA*2.7*183,ROUTINE,AMIE,,,
130,TRUE,2013-05-01,VERIFIED,60,ICD*18*62,ROUTINE,DRG GROUPER,,,
131,TRUE,2013-05-02,VERIFIED,149,PRC*5.1*178,ROUTINE,IFCAP,,,
132,TRUE,2013-05-06,VERIFIED,346,PSN*4*358,ROUTINE,NATIONAL DRUG FILE,NDF4P358.KIDs,Yes,
133,TRUE,2013-05-15,VERIFIED,762,DG*5.3*849,OTHER,REGISTRATION,HIGH_RISK_MH_2_0.KIDs (new KIDS build on 5/15/13),Yes,
134,TRUE,2013-05-15,VERIFIED,496,SD*5.3*588,ROUTINE,SCHEDULING,HIGH_RISK_MH_2_0.KIDs (new KIDS build on 5/15/13),Yes,
135,TRUE,2013-05-15,VERIFIED,315,OR*3*348,ROUTINE,ORDER ENTRY/RESULTS REPORTING,HIGH_RISK_MH_2_0.KIDs (new KIDS build on 5/15/13),Yes,
136,TRUE,2013-05-15,VERIFIED,21,PXRM*2*24,ROUTINE,CLINICAL REMINDERS,HIGH_RISK_MH_2_0.KIDs (new KIDS build on 5/15/13),Yes,
137,TRUE,2013-05-15,VERIFIED,248,TIU*1*265,INFORMATIONAL,TEXT INTEGRATION UTILITY,HIGH_RISK_MH_2_0.KIDs (new KIDS build on 5/15/13),Yes,
138,TRUE,2013-05-15,VERIFIED,96,GMTS*2.7*104,ENHANCEMENT,HEALTH SUMMARY,HIGH_RISK_MH_2_0.KIDs (new KIDS build on 5/15/13),Yes,
139,TRUE,2013-05-06,VERIFIED,353,PSO*7*413,ROUTINE,OUTPATIENT PHARMACY,,,
140,TRUE,2013-05-07,VERIFIED,8,OHRS*1.4*8,INFORMATIONAL,OCCUPATIONAL HEALTH RECORD SYSTEM,WEB BASED,,
141,TRUE,2013-05-08,VERIFIED,19,ROR*1.5*20,ROUTINE,CLINICAL CASE REGISTRIES,,,
142,TRUE,2013-05-14,VERIFIED,2,EDP*2*5,ROUTINE,EMERGENCY DEPARTMENT INTEGRATED SOFTWARE,,,
143,TRUE,2013-05-14,VERIFIED,55,VBEC*1*50,INFORMATIONAL,VISTA BLOOD BANK,WEB BASED,,
144,TRUE,2013-05-14,VERIFIED,36,GMPL*2*43,ROUTINE,PROBLEM LIST,,,
145,TRUE,2013-05-14,VERIFIED,249,TIU*1*267,ROUTINE,TEXT INTEGRATION UTILITY,,,
146,TRUE,2013-05-16,VERIFIED,354,PSO*7*378,ROUTINE,OUTPATIENT PHARMACY,,,
147,TRUE,2013-05-16,VERIFIED,34,GEC*2*37,ROUTINE,GENERIC CODE SHEET,,,
148,TRUE,2013-05-16,VERIFIED,497,XU*8*614,ROUTINE,VA KERNEL,,,
149,TRUE,2013-05-17,VERIFIED,452,IB*2*500,INFORMATIONAL,INTEGRATED BILLING,IBRC1301A-F.TXT,,
150,TRUE,2013-05-20,VERIFIED,347,PSN*4*359,ROUTINE,NATIONAL DRUG FILE,NDF4P359.KID,,
151,TRUE,2013-05-20,VERIFIED,348,PSN*4*360,ROUTINE,NATIONAL DRUG FILE,NDF4P360.KIDs,Yes,
152,TRUE,2013-05-21,VERIFIED,15,PRCN*1*16,INPUT TEMPLATE,EQUIPMENT TURN IN,,,
153,TRUE,2013-05-23,VERIFIED,56,VBEC*1*58,INFORMATIONAL,VISTA BLOOD BANK,WEB BASED,,
154,TRUE,2013-05-29,VERIFIED,246,PSJ*5*275,ROUTINE,INPATIENT MEDICATIONS,,,
155,TRUE,2013-05-30,VERIFIED,497,SD*5.3*574,DATA,SCHEDULING,,,
156,TRUE,2013-05-30,VERIFIED,33,QAN*2*33,ROUTINE,INCIDENT REPORTING,,,
157,FALSE,2013-06-04,VERIFIED,8,DSIV*2.2*9,INFORMATIONAL,INSURANCE CAPTURE BUFFER,PROHIBITED FROM FOIA DUE TO COPYRIGHT,,
158,TRUE,2013-06-07,VERIFIED,453,IB*2*501,ROUTINE,INTEGRATED BILLING,,,
159,TRUE,2013-06-10,VERIFIED,97,GMTS*2.7*106,ROUTINE,HEALTH SUMMARY,,,
160,TRUE,2013-06-10,VERIFIED,498,XU*8*580,ROUTINE,VA KERNEL,CPRS 29: CPRS29_DEA_SETUP.KID,,
161,TRUE,2013-06-10,VERIFIED,316,OR*3*218,DATA,ORDER ENTRY/RESULTS REPORTING,CPRS 29: CPRS29_DEA_SETUP.KID,,
162,TRUE,2013-06-10,VERIFIED,9,HDI*1*11,ROUTINE,HEALTH DATA AND INFORMATICS,CPRS 29: HDI_1_11.KID,,
163,TRUE,2013-06-10,VERIFIED,155,PSS*1*166,ROUTINE,PHARMACY DATA MANAGEMENT,CPRS 29: PSS_1_166.KID,,
164,TRUE,2013-06-10,VERIFIED,355,PSO*7*391,ROUTINE,OUTPATIENT PHARMACY,CPRS 29: CPRS29_PSO_PSD.KID,,
165,TRUE,2013-06-10,VERIFIED,62,PSD*3*73,ROUTINE,CONTROLLED SUBSTANCE,CPRS 29: CPRS29_PSO_PSD.KID,,
166,TRUE,2013-06-10,VERIFIED,317,OR*3*306,ROUTINE,ORDER ENTRY/RESULTS REPORTING,CPRS 29: OR_GMPL_GMTS_XU_29.KID,,
167,TRUE,2013-06-10,VERIFIED,37,GMPL*2*36,ROUTINE,PROBLEM LIST,CPRS 29: OR_GMPL_GMTS_XU_29.KID,,
168,TRUE,2013-06-10,VERIFIED,98,GMTS*2.7*86,ROUTINE,HEALTH SUMMARY,CPRS 29: OR_GMPL_GMTS_XU_29.KID,,
169,TRUE,2013-06-10,VERIFIED,499,XU*8*609,ROUTINE,VA KERNEL,CPRS 29: OR_GMPL_GMTS_XU_29.KID,,
170,TRUE,2013-06-10,VERIFIED,318,OR*3*371,ROUTINE,ORDER ENTRY/RESULTS REPORTING,CPRS 29: OR_30_371.KID,,
171,TRUE,2013-06-10,VERIFIED,356,PSO*7*426,ROUTINE,OUTPATIENT PHARMACY,CPRS 29: PSO_7_426.KID,,
172,TRUE,2013-06-11,VERIFIED,349,PSN*4*361,ROUTINE,NATIONAL DRUG FILE,NDF4P361.KIDs,Yes,
173,FALSE,2013-06-11,VERIFIED,19,DSIF*3.2*28,OTHER,FEE BASIS CLAIM SYSTEM,PROHIBITED FROM FOIA DUE TO COPYRIGHT,,
174,TRUE,2013-06-12,VERIFIED,337,LR*5.2*417,ROUTINE,LABORATORY,,,
175,TRUE,2013-06-13,VERIFIED,120,FB*3.5*145,ROUTINE,FEE BASIS,FEE3_5P145.KID,,
176,TRUE,2013-06-14,VERIFIED,6,GMRY*4*7,INFORMATIONAL,INTAKE/OUTPUT,,,
177,TRUE,2013-06-17,VERIFIED,498,SD*5.3*598,ROUTINE,SCHEDULING,,,
178,TRUE,2013-06-17,VERIFIED,112,EC*2*119,ROUTINE,EVENT CAPTURE,,,
179,TRUE,2013-06-17,VERIFIED,4,VSS*4*4,INFORMATIONAL,VOLUNTARY SERVICE,,,
180,TRUE,2013-06-17,VERIFIED,247,PSJ*5*295,ROUTINE,INPATIENT MEDICATIONS,,,
181,TRUE,2013-06-18,VERIFIED,357,PSO*7*424,ROUTINE,OUTPATIENT PHARMACY,,,
182,TRUE,2013-06-19,VERIFIED,57,VBEC*1*56,ROUTINE,VISTA BLOOD BANK,,YES,
183,TRUE,2013-06-19,VERIFIED,6,MHV*1*10,ENHANCEMENT,MY HEALTHEVET,,YES,
184,TRUE,2013-06-20,VERIFIED,350,PSN*4*362,ROUTINE,NATIONAL DRUG FILE,NDF4P362.KIDs,Yes,
185,TRUE,2013-06-20,VERIFIED,351,PSN*4*363,ROUTINE,NATIONAL DRUG FILE,NDF4P363.KIDs,Yes,
186,TRUE,2013-06-20,VERIFIED,319,OR*3*366,ROUTINE,ORDER ENTRY/RESULTS REPORTING,PREM - MOCHA,,
187,TRUE,2013-06-20,VERIFIED,58,VBEC*1*59,INFORMATIONAL,VISTA BLOOD BANK,,,
188,TRUE,2013-06-21,VERIFIED,61,ICD*18*69,ROUTINE,DRG GROUPER,,,
189,TRUE,2013-06-24,VERIFIED,250,TIU*1*274,ROUTINE,TEXT INTEGRATION UTILITY,,,
190,TRUE,2013-06-24,VERIFIED,24,OOPS*2*26,ROUTINE,ASSISTS,,,
191,TRUE,2013-06-24,VERIFIED,33,FH*5.5*34,ROUTINE,NUTRITION AND FOOD SERVICES,,,
192,TRUE,2013-06-24,VERIFIED,22,WEBV*1*27,INFORMATIONAL,VISTAWEB,,,
193,TRUE,2013-06-26,VERIFIED,58,PSB*3*64,ROUTINE,BAR CODE MED ADMIN,,,
194,TRUE,2013-06-26,VERIFIED,162,DVBA*2.7*184,ENHANCEMENT,AMIE,,YES,
195,TRUE,2013-06-28,VERIFIED,2,GMRG*3*2,INFORMATIONAL,TEXT GENERATOR,,,
196,TRUE,2013-07-01,VERIFIED,102,RA*5*115,ROUTINE,RADIOLOGY,,YES,
197,TRUE,2013-07-01,VERIFIED,4,RMPF*3*4,ENHANCEMENT,ROES,RMPF3_4_KID,YES,
198,TRUE,2013-07-02,VERIFIED,81,LEX*2*91,ROUTINE,CLINICAL LEXICON,LEX_2_91.GBLs,Yes,
199,TRUE,2013-07-02,VERIFIED,62,ICPT*6*64,INFORMATIONAL,CPT/HCPCS CODES,SEE LEX*2*91,,
200,TRUE,2013-07-02,VERIFIED,150,PRC*5.1*165,ROUTINE,IFCAP,,Yes,
201,TRUE,2013-07-08,VERIFIED,58,ONC*2.11*58,INFORMATIONAL,ONCOLOGY,,,
202,TRUE,2013-07-08,VERIFIED,358,PSO*7*383,ROUTINE,OUTPATIENT PHARMACY,,YES,
203,TRUE,2013-07-08,VERIFIED,248,PSJ*5*286,ROUTINE,INPATIENT MEDICATIONS,,YES,
204,TRUE,2013-07-08,VERIFIED,59,PSB*3*74,ROUTINE,BAR CODE MED ADMIN,,YES,
205,TRUE,2013-07-09,VERIFIED,352,PSN*4*366,ROUTINE,NATIONAL DRUG FILE,NDF4P366.KIDs,Yes,
206,TRUE,2013-07-10,VERIFIED,22,HBH*1*26,INFORMATIONAL,HOSPITAL BASED HOME CARE,,,
207,TRUE,2013-07-11,VERIFIED,500,XU*8*605,ROUTINE,VA KERNEL,,YES,
208,FALSE,2013-07-11,VERIFIED,20,DSIF*3.2*39,ENHANCEMENT,FEE BASIS CLAIM SYSTEM,PROHIBITED FROM FOIA DUE TO COPYRIGHT,,
209,TRUE,2013-07-12,VERIFIED,40,MC*2.3*45,INFORMATIONAL,MEDICINE,,,
210,TRUE,2013-07-12,VERIFIED,4,DGJ*1*4,INFORMATIONAL,INCOMPLETE RECORD TRACKING,,,
211,TRUE,2013-07-15,VERIFIED,22,PXRM*2*28,ROUTINE,CLINICAL REMINDERS,PXRM_20_28.KIDs,Yes,
212,TRUE,2013-07-15,VERIFIED,89,YS*5.01*112,INFORMATIONAL,MENTAL HEALTH,,,
213,TRUE,2013-07-15,VERIFIED,22,OOPS*2*27,INFORMATIONAL,ASSISTS,,,
214,TRUE,2013-07-15,VERIFIED,763,DG*5.3*870,ROUTINE,REGISTRATION,,YES,
215,TRUE,2013-07-16,VERIFIED,171,SR*3*181,INFORMATIONAL,SURGERY,,,
216,TRUE,2013-07-16,VERIFIED,87,EN*7*94,INFORMATIONAL,ENGINEERING,,,
217,FALSE,2013-07-17,VERIFIED,62,DENT*1.2*63,OTHER,DENTAL,PROHIBITED FROM FOIA DUE TO COPYRIGHT,,
218,TRUE,2013-07-18,VERIFIED,59,VBEC*1*60,INFORMATIONAL,VISTA BLOOD BANK,,,
219,TRUE,2013-07-22,VERIFIED,353,PSN*4*367,ROUTINE,NATIONAL DRUG FILE,NDF4P367.KID,,
220,TRUE,2013-07-22,VERIFIED,354,PSN*4*368,ROUTINE,NATIONAL DRUG FILE,NDF4P358.KIDs,Yes,
221,TRUE,2013-07-23,VERIFIED,15,GMRV*4*17,INFORMATIONAL,VITALS,,,
222,TRUE,2013-07-24,VERIFIED,454,IB*2*458,ENHANCEMENT,INTERGRATED BILLING,,yes,
223,FALSE,2013-07-24,VERIFIED,9,DSIV*2.2*8,OTHER,INSURANCE CAPTURE BUFFER,PROHIBITED FROM FOIA DUE TO COPYRIGHT,,
224,TRUE,2013-07-25,VERIFIED,501,XU*8*632,ROUTINE,VA KERNEL,,YES,
225,TRUE,2013-07-25,VERIFIED,86,MAG*3*127,ROUTINE,IMAGING,MAG3_0P127.KIDs,Yes,
226,TRUE,2013-07-30,VERIFIED,87,MAG*3*34,ROUTINE,IMAGING,MAG3_0P34.KIDs,YES,
227,TRUE,2013-07-30,VERIFIED,88,MAG*3*116,ENHANCEMENT,IMAGING,MAG3_0P116.KIDs,YES,
228,TRUE,2013-07-30,VERIFIED,89,MAG*3*118,ROUTINE,IMAGING,MAG3_0P118.KIDs,YES,
229,FALSE,2013-07-30,VERIFIED,249,PSJ*5*272,ROUTINE,INPATIENT MEDICATIONS,entered in error - removed 8/20/13,,
230,TRUE,2013-07-30,VERIFIED,90,MAG*3*119,ROUTINE,IMAGING,MAG3_0P119.KIDs,YES,
231,TRUE,2013-08-01,VERIFIED,455,IB*2*496,ROUTINE,INTEGRATED BILLING,,YES,
232,TRUE,2013-08-02,VERIFIED,151,PRC*5.1*170,ROUTINE,IFCAP,,YES,
233,TRUE,2013-08-06,VERIFIED,88,EN*7*92,ROUTINE,ENGINEERING,,YES,
234,TRUE,2013-08-06,VERIFIED,502,XU*8*629,OTHER,VA KERNEL,,Yes,
235,TRUE,2013-08-13,VERIFIED,355,PSN*4*369,ROUTINE,NATIONAL DRUG FILE,NDF4P369.KIDs,Yes,
236,TRUE,2013-08-13,VERIFIED,456,IB*2*490,ROUTINE,INTEGRATED BILLING,,YES,
237,TRUE,2013-08-13,VERIFIED,90,YS*5.01*111,INFORMATIONAL,MENTAL HEALTH,,,
243,TRUE,2013-08-16,VERIFIED,91,MAG*3*129,ROUTINE,IMAGING,MAG3_0P129.KIDs,YES,
238,TRUE,2013-08-19,VERIFIED,3,EDP*2*6,ROUTINE,EMERGENCY DEPARTMENT INTEGRATED SOFTWARE,,YES,
239,TRUE,2013-08-19,VERIFIED,150,RMPR*3*166,ROUTINE,PROSTHETICS,,YES,
240,TRUE,2013-08-19,VERIFIED,34,FH*5.5*35,ROUTINE,NUTRITION AND FOOD SERVICES,,YES,
241,TRUE,2013-08-19,VERIFIED,764,DG*5.3*868,ROUTINE,REGISTRATION,,YES,
242,TRUE,2013-08-20,VERIFIED,152,PRC*5.1*168,ROUTINE,IFCAP,,YES,
244,TRUE,2013-08-21,VERIFIED,103,RA*5*114,ROUTINE,RADIOLOGY,,YES,
245,TRUE,2013-08-21,VERIFIED,60,VBEC*1*61,ROUTINE,VISTA BLOOD BANK,INFORMATION ONLY,,
246,TRUE,2013-08-22,VERIFIED,53,MPIF*1*56,ROUTINE,MASTER PATIENT INDEX,MPIF*1_56.KIDs/PSIMWSEXECUTE.WSDL,YES,
247,TRUE,2013-08-22,VERIFIED,765,DG*5.3*857,ROUTINE,REGISTRATION,,YES,
248,TRUE,2013-08-22,VERIFIED,9,OHRS*1.4*9,INFORMATIONAL,OCCUPATIONAL HEALTH RECORD SYSTEM,,,
249,TRUE,2013-08-22,VERIFIED,121,FB*3.5*147,ROUTINE,FEE BASIS,,YES,
250,TRUE,2013-08-26,VERIFIED,250,PSJ*5*292,ROUTINE,INPATIENT MEDICATIONS,,YES,
251,TRUE,2013-08-27,VERIFIED,356,PSN*4*370,ROUTINE,NATIONAL DRUG FILE,"NDF4P370,KID",,
252,TRUE,2013-08-27,VERIFIED,357,PSN*4*371,ROUTINE,NATIONAL DRUG FILE,NDF4P371.KIDs,YES,
253,TRUE,2013-08-28,VERIFIED,68,GMRC*3*76,ROUTINE,CONSULTS REQUESTS TRACKING,,YES,
254,TRUE,2013-08-28,VERIFIED,251,TIU*1*275,ROUTINE,TEXT INTEGRATION UTILITY,USH_PRF_LEGAL_SOLUTION_1_0.KID,,
255,TRUE,2013-08-28,VERIFIED,766,DG*5.3*864,ROUTINE,REGISTRATION,USH_PRF_LEGAL_SOLUTION_1_0.KID,,
256,TRUE,2013-08-28,VERIFIED,99,GMTS*2.7*103,ROUTINE,HEALTH SUMMARY,USH_PRF_LEGAL_SOLUTION_1_0.KID,,
257,TRUE,2013-08-28,VERIFIED,54,MPIF*1*58,ROUTINE,MASTER PATIENT INDEX,,,
258,TRUE,2013-08-28,VERIFIED,320,OR*3*356,ROUTINE,ORDER ENTRY/RESULTS REPORTING,,YES,
259,TRUE,2013-08-28,VERIFIED,767,DG*5.3*861,ROUTINE,REGISTRATION,,YES,
260,TRUE,2013-09-03,VERIFIED,122,FB*3.5*144,ROUTINE,FEE BASIS,,,
261,TRUE,2013-09-03,VERIFIED,321,OR*3*363,ROUTINE,ORDER ENTRY/RESULTS REPORTING,,,
262,TRUE,2013-09-03,VERIFIED,56,IBD*3*64,ROUTINE,AUTOMATED INFO SYSTEMS,,,
263,TRUE,2013-09-04,VERIFIED,92,MAG*3*140,ROUTINE,IMAGING,MAG3_0P140.KIDs,YES,
264,TRUE,2013-09-04,VERIFIED,252,TIU*1*256,ROUTINE,TEXT INTEGRATION UTILITY,,,
265,TRUE,2013-09-05,VERIFIED,322,OR*3*354,ROUTINE,ORDER ENTRY/RESULTS REPORTING,OR_30_354.ZIP,Yes,
266,TRUE,2013-09-05,VERIFIED,768,DG*5.3*863,ROUTINE,REGISTRATION,,,
267,TRUE,2013-09-05,VERIFIED,59,RG*1*60,ROUTINE,CLINICAL INFO RESOURCE NETWORK,,,
268,TRUE,2013-09-05,VERIFIED,55,MPIF*1*57,ROUTINE,MASTER PATIENT INDEX,,,
269,TRUE,2013-09-05,VERIFIED,457,IB*2*481,DATA,INTEGRATED BILLING,,,
271,TRUE,2013-09-05,VERIFIED,129,ECX*3*146,ROUTINE,DSS EXTRACTS,,,
272,TRUE,2013-09-05,VERIFIED,253,TIU*1*276,ROUTINE,TEXT INTEGRATION UTILITY,,,
270,TRUE,2013-09-09,VERIFIED,323,OR*3*320,ROUTINE,ORDER ENTRY/RESULTS REPORTING,,,
273,TRUE,2013-09-10,VERIFIED,358,PSN*4*372,ROUTINE,NATIONAL DRUG FILE,NDF4P372.KIDs,,
274,TRUE,2013-09-10,VERIFIED,113,EC*2*118,ROUTINE,EVENT CAPTURE,,,
275,TRUE,2013-09-10,VERIFIED,458,IB*2*502,ROUTINE,INTEGRATED BILLING,,,
276,TRUE,2013-09-10,VERIFIED,156,PSS*1*176,ROUTINE,PHARMACY DATA MANAGEMENT,,,
277,FALSE,2013-09-11,VERIFIED,21,DSIF*3.2*29,ROUTINE,FEE BASIS CLAIM SYSTEM,PROHIBITED FROM FOIA DUE TO COPYRIGHT,,
278,TRUE,2013-09-12,VERIFIED,130,ECX*3*142,ROUTINE,DSS EXTRACTS,,,
279,TRUE,2013-09-12,VERIFIED,148,DI*22*167,ROUTINE,VA FILEMAN,,,
280,TRUE,2013-09-13,VERIFIED,151,RMPR*3*172,ROUTINE,PROSTHETICS,,,
281,TRUE,2013-09-16,VERIFIED,499,SD*5.3*608,OTHER,SCHEDULING,,,
282,TRUE,2013-09-17,VERIFIED,149,DI*22*169,ROUTINE,VA FILEMAN,,,
283,TRUE,2013-09-19,VERIFIED,100,GMTS*2.7*109,ROUTINE,HEALTH SUMMARY,,,
284,TRUE,2013-09-19,VERIFIED,61,VBEC*1*62,INFORMATIONAL,VISTA BLOOD BANK,INFORMATION ONLY,,
285,TRUE,2013-09-20,VERIFIED,339,LR*5.2*432,ROUTINE,LABORATORY,,,
286,TRUE,2013-09-20,VERIFIED,23,WEBV*1*28,INFORMATIONAL,VISTAWEB,,,
287,TRUE,2013-09-23,VERIFIED,359,PSN*4*373,ROUTINE,NATIONAL DRUG FILE,NDF4P373.KID,,
288,TRUE,2013-09-23,VERIFIED,360,PSN*4*374,ROUTINE,NATIONAL DRUG FILE,NDF4P374.KIDs,YES,
289,TRUE,2013-09-24,VERIFIED,58,LA*5.2*82,INFORMATIONAL,AUTO LAB INSTRUMENTS,,,
290,TRUE,2013-09-24,VERIFIED,59,LA*5.2*80,ROUTINE,AUTO LAB INSTRUMENTS,LR_52_P427.KIDs,YES,
291,TRUE,2013-09-24,VERIFIED,340,LR*5.2*427,ROUTINE,LABORATORY,LR_52_P427.KIDs,YES,
292,TRUE,2013-09-24,VERIFIED,93,MAG*3*131,ROUTINE,IMAGING,MAG3_0P131.KIDs,YES,
293,TRUE,2013-09-24,VERIFIED,254,TIU*1*272,ROUTINE,TEXT INTEGRATION UTILITY,,,
294,TRUE,2013-09-25,VERIFIED,341,LR*5.2*425,ROUTINE,,,,
295,TRUE,2013-09-25,VERIFIED,153,PRC*5.1*171,ROUTINE,IFCAP,,,
296,TRUE,2013-09-25,VERIFIED,163,DVBA*2.7*185,ENHANCEMENT,AMIE,DVBA_27_P185_11.ZIP,,
297,TRUE,2013-09-25,VERIFIED,23,PXRM*2*30,ROUTINE,CLINICAL REMINDERS,PXRM_2_0_30.KIDs,YES,
298,TRUE,2013-09-26,VERIFIED,459,IB*2*464,ROUTINE,INTEGRATED BILLING,,,
299,TRUE,2013-09-30,VERIFIED,46,XWB*1.1*62,ROUTINE,RPC BROKER,,,
300,TRUE,2013-09-30,VERIFIED,1,WEBI*5.5*1,INFORMATIONAL,INTEGRATED HOME TELEHEATH,,,
301,FALSE,2013-10-01,VERIFIED,22,DSIF*3.2*43,OTHER,FEE BASIS CLAIM SYSTEM,PROHIBITED FROM FOIA DUE TO COPYRIGHT,,
302,TRUE,2013-10-02,VERIFIED,26,OOPS*2*25,ROUTINE,ASSISTS,,,
303,FALSE,2013-10-02,VERIFIED,23,DSIF*3.2*41,ENHANCEMENT,FEE BASIS CLAIM SYSTEM,PROHIBITED FROM FOIA DUE TO COPYRIGHT,,
304,TRUE,2013-10-02,VERIFIED,91,YS*5.01*105,ENHANCEMENT,MENTAL HEALTH,YS_501_105_SCRUBBED.ZIP,YES,
305,TRUE,2013-10-15,VERIFIED,361,PSN*4*375,ROUTINE,NATIONAL DRUG FILE,NDF4P375.KIDs,YES,
306,TRUE,2013-10-16,VERIFIED,324,OR*3*380,ROUTINE,ORDER ENTRY/RESULTS REPORTING,,,
307,TRUE,2013-10-21,VERIFIED,94,MAG*3*133,ROUTINE,IMAGING,MAG3_0P133.KIDs,YES,
308,TRUE,2013-10-21,VERIFIED,82,LEX*2*93,ROUTINE,CLINICAL LEXICON,LEX_2_93.GBLs,YES,
309,TRUE,2013-10-21,VERIFIED,62,ICD*18*73,INFORMATIONAL,DRG GROUPER,SAME AS LEX*2*93,,
310,TRUE,2013-10-21,VERIFIED,63,ICPT*6*65,INFORMATIONAL,CPT/HCPCS CODES,SAME AS LEX*2*93,,
311,TRUE,2013-10-22,VERIFIED,251,PSJ*5*301,ROUTINE,INPATIENT MEDICATIONS,,,
312,TRUE,2013-10-23,VERIFIED,769,DG*5.3*847,DATA,REGISTRATION,,,
313,TRUE,2013-10-23,VERIFIED,500,SD*5.3*592,ROUTINE,SCHEDULING,,,
314,TRUE,2013-10-24,VERIFIED,95,MAG*3*135,ROUTINE,IMAGING,MAG3_0P135.KIDs,Yes,
315,TRUE,2013-10-28,VERIFIED,362,PSN*4*376,ROUTINE,NATIONAL DRUG FILE,NDF4P376.KID,,
316,TRUE,2013-10-28,VERIFIED,363,PSN*4*377,ROUTINE,NATIONAL DRUG FILE,NDF4P377.KIDs,YES,
317,TRUE,2013-10-28,VERIFIED,62,VBEC*1*63,INFORMATIONAL,VISTA BLOOD BANK,INFORMATION ONLY,YES,
318,TRUE,2013-10-29,VERIFIED,131,ECX*3*144,ROUTINE,DSS EXTRACTS,,YES,
319,TRUE,2013-11-05,VERIFIED,2,VPR*1*2,ROUTINE,VIRTUAL PATIENT RECORD,,,
320,TRUE,2013-11-05,VERIFIED,24,WEBV*1*29,INFORMATIONAL,VISTAWEB,,,
321,TRUE,2013-11-05,VERIFIED,60,PSB*3*54,ROUTINE,BAR CODE MED ADMIN,,,
322,TRUE,2013-11-12,VERIFIED,364,PSN*4*378,ROUTINE,NATIONAL DRUG FILE,NDF4P378.KIDs,YES,
323,TRUE,2013-11-12,VERIFIED,460,IB*2*508,ENHANCEMENT,INTEGRATED BILLING,,,
324,TRUE,2013-11-12,VERIFIED,63,ICD*18*70,ROUTINE,CPT/HCPCS CODES,,,
325,TRUE,2013-11-12,VERIFIED,10,OHRS*1.4*10,INFORMATIONAL,OCCUPATIONAL HEALTH RECORD SYSTEM,,,
326,TRUE,2013-11-18,VERIFIED,260,PRCA*4.5*296,ROUTINE,ACCOUNTS RECEIVABLE,,,
327,TRUE,2013-11-21,VERIFIED,104,RA*5*110,ROUTINE,RADIOLOGY,,,
328,TRUE,2013-11-21,VERIFIED,63,VBEC*1*84,INFORMATIONAL,VISTA BLOOD BANK,,,
329,TRUE,2013-11-22,VERIFIED,61,PSB*3*59,ROUTINE,BAR CODE MED ADMIN,PSB_3_59.KID,,
330,TRUE,2013-11-25,VERIFIED,365,PSN*4*379,ROUTINE,NATIONAL DRUG FILE,NDF4P379.KID,,
331,TRUE,2013-11-25,VERIFIED,366,PSN*4*380,ROUTINE,NATIONAL DRUG FILE,NDF4P380.KIDs,YES,
332,TRUE,2013-11-25,VERIFIED,127,PRS*4*137,ROUTINE,PAID,,,
333,TRUE,2013-11-27,VERIFIED,47,XWB*1.1*50,INFORMATIONAL,RPC BROKER,INFORMATION ONLY,,
334,TRUE,2013-11-27,VERIFIED,35,FH*5.5*30,ROUTINE,NUTRITION AND FOOD SERVICES,,,
335,TRUE,2013-12-02,VERIFIED,252,PSJ*5*229,ROUTINE,INPATIENT MEDICATIONS,,,
336,TRUE,2013-12-02,VERIFIED,157,PSS*1*174,ROUTINE,PHARMACY DATA MANAGEMENT,,,
337,TRUE,2013-12-02,VERIFIED,253,PSJ*5*289,ROUTINE,INPATIENT MEDICATIONS,,,
338,TRUE,2013-12-03,VERIFIED,88,EAS*1*105,ROUTINE,ENROLLMENT APPLICATION SYSTEM,,,
339,TRUE,2013-12-05,VERIFIED,1,PREM*1.1*1,INFORMATIONAL,MOCHA,,,
340,TRUE,2013-12-09,VERIFIED,367,PSN*4*381,ROUTINE,NATIONAL DRUG FILE,NDF4P381.KIDs,YES,
341,TRUE,2013-12-09,VERIFIED,101,GMTS*2.7*107,ROUTINE,HEALTH SUMMARY,,,
342,TRUE,2013-12-10,VERIFIED,127,HL*1.6*161,ROUTINE,HEALTH LEVEL 7,,,
343,TRUE,2013-12-10,VERIFIED,461,IB*2*507,ROUTINE,INTEGRATED BILLING,,,
344,TRUE,2013-12-10,VERIFIED,770,DG*5.3*867,ROUTINE,REGISTRATION,"NEWBORN_1_2_DG_FB_IB.KIDs
ALSO IN NEWBORN FOLDER",YES,
345,TRUE,2013-12-10,VERIFIED,123,FB*3.5*146,OTHER,FEE BASIS,"NEWBORN_1_2_DG_FB_IB.KIDs
ALSO IN NEWBORN FOLDER",YES,
346,TRUE,2013-12-10,VERIFIED,462,IB*2*499,OTHER,INTEGRATED BILLING,"NEWBORN_1_2_DG_FB_IB.KIDs
ALSO IN NEWBORN FOLDER",YES,
347,TRUE,2013-12-11,VERIFIED,463,IB*2*512,ROUTINE,INTEGRATED BILLING,,,
348,TRUE,2013-12-11,VERIFIED,64,ICD*18*72,ROUTINE,CPT/HCPCS CODES,,YES,
349,TRUE,2013-12-12,VERIFIED,158,PSS*1*172,DATA,PHARMACY DATA MANAGEMENT,,,
350,TRUE,2013-12-12,VERIFIED,325,OR*3*266,ROUTINE,ORDER ENTRY/RESULTS REPORTING,,,
351,TRUE,2013-12-12,VERIFIED,254,PSJ*5*279,ROUTINE,INPATIENT MEDICATIONS,,,
352,TRUE,2013-12-12,VERIFIED,62,PSB*3*70,ENHANCEMENT,BAR CODE MED ADMIN,,,
353,TRUE,2013-12-12,VERIFIED,17,ACKQ*3*22,ROUTINE,QUASAR,,,
354,TRUE,2013-12-17,VERIFIED,23,DGBT*1*21,ROUTINE,BENEFICIARY TRAVEL,,,
355,TRUE,2013-12-23,VERIFIED,368,PSN*4*382,ROUTINE,NATIONAL DRUG FILE,NDF4P382.KID,,
356,TRUE,2013-12-23,VERIFIED,369,PSN*4*383,ROUTINE,NATIONAL DRUG FILE,NDF4P383.KIDs,YES,
357,TRUE,2013-12-23,VERIFIED,326,OR*3*372,OTHER,ORDER ENTRY/RESULTS REPORTING,,,
358,TRUE,2013-12-23,VERIFIED,64,VBEC*1*65,INFORMATIONAL,VISTA BLOOD BANK,INFORMATION ONLY,,
359,TRUE,2013-12-24,VERIFIED,114,EC*2*121,PATCH FOR A PATCH,EVENT CAPTURE,EC_2_P121_scrubbed.ZIPs,YES,
360,TRUE,2013-12-26,VERIFIED,14,BPS*1*15,ROUTINE,HIPAA,BPS_1_15_PSO_IB_PSX_PRCA.KIDs,YES,
361,TRUE,2013-12-26,VERIFIED,464,IB*2*494,DATA,INTEGRATED BILLING,BPS_1_15_PSO_IB_PSX_PRCA.KIDs,YES,
362,TRUE,2013-12-26,VERIFIED,281,PRCA*4.5*295,ROUTINE,ACCOUNTS RECEIVABLE,BPS_1_15_PSO_IB_PSX_PRCA.KIDs,YES,
363,TRUE,2013-12-26,VERIFIED,359,PSO*7*421,DATA,OUTPATIENT PHARMACY,BPS_1_15_PSO_IB_PSX_PRCA.KIDs,YES,
364,TRUE,2013-12-26,VERIFIED,65,PSX*2*74,ROUTINE,CMOP,BPS_1_15_PSO_IB_PSX_PRCA.KIDs,YES,
365,TRUE,2013-12-27,VERIFIED,771,DG*5.3*875,ROUTINE,REGISTRATION,DG_53_P875.KID,,
366,TRUE,2013-12-27,VERIFIED,89,EAS*1*114,ROUTINE,ENROLLMENT APPLICATION SYSTEM,DG_53_P875.KID,,
367,TRUE,2013-12-27,VERIFIED,465,IB*2*514,ROUTINE,INTEGRATED BILLING,DG_53_P875.KID,,
